"Keyword","SEO Traffic (Broad)","SEO Traffic (Phrase)","SEO Traffic (Exact)","Phrase-to-Broad","SEO Comp","Adwords CPC (Broad)","Adwords CPC (Phrase)","Adwords CPC (Exact)","Adwords Value (Broad)","Adwords Value (Phrase)","Adwords Value (Exact)","SEO Value (Broad)","SEO Value (Phrase)","SEO Value (Exact)","Searches/SEOT Estimated"
"cat","1147463","513666","11364","44.7653429602888","1020000000","2.72","2.42","1.78","303.66","200.81","47.72","3121099.40","1243071.12","20228.21","N"
"cats","419770","126207","7595","30.06578947368421","399000000","3.76","3.91","2.69","177.81","164.65","40.35","1578334.68","493469.85","20429.26","N"
"kittens","69041","25269","2775","36.6","9890000","5.02","5.37","3.02","286.99","253.46","17.79","346586.30","135694.75","8381.87","N"
"cat food","9293","7595","250","81.72362555720655","11800000","29.8","32.2","32.74","562.03","647.54","176.47","276929.36","244543.56","8182.67","N"
"cat litter","4156","2775","167","66.77740863787376","954000","25.51","27.58","15.52","352.55","474.93","75.74","106026.55","76546.97","2593.07","N"
"cat games","9293","2278","1250","24.517087667161967","312000","9.88","7.9","8.61","59.58","17.14","100.48","91814.16","17999.01","10759.43","N"
"cat rescue","9293","1864","91","20.059435364041605","3960000","8.9","7.67","6.28","116.59","75.40","18.34","82707.09","14297.72","572.32","N"
"cat pictures","9293","1864","559","20.059435364041605","2860000","8.14","5.55","4.54","7.73","6.16","10.62","75644.46","10345.81","2538.92","N"
"arctic cat","9293","7595","1250","81.72362555720655","7770000","5.92","8.21","5.47","10.12","13.87","16.63","55014.15","62351.01","6835.55","N"
"feral cat","2278","684","137","30","336000","16.86","16.55","9","11.13","14.23","6.57","38413.08","11312.04","1230.31","N"
"cat game","13808","2278","61","16.500000000000004","113000","2.67","3.01","4.11","1.84","0.81","3.66","36867.95","6857.85","249.71","N"
"cat grooming","1250","457","61","36.574585635359114","408000","27.91","41.8","47.64","275.19","332.31","138.63","34877.56","19104.78","2894.42","N"
"cat insurance","559","204","91","36.54320987654321","54300","60.52","68.71","75.28","323.78","306.45","421.57","33844.77","14041.69","6860.59","N"
"cat breeds","3397","1864","684","54.8780487804878","2100000","9.8","10.47","9.42","17.15","25.97","55.95","33288.85","19517.23","6438.63","N"
"cat breed","3397","684","40","20.121951219512194","1370000","9.52","10.28","6.67","9.71","11.72","9.54","32337.74","7026.45","267.09","N"
"cats and dogs","9293","2775","457","29.86627043090639","2600000","3.32","2.83","2.24","3.69","4.13","3.81","30852.53","7854.53","1023.80","N"
"cat videos","4156","1022","250","24.584717607973424","1860000","7.12","5.21","4.5","17.52","10.26","26.37","29592.67","5323.62","1124.68","N"
"cat fleas","1519","307","91","20.18181818181818","61600","18.88","21.86","12.06","44.18","40.66","68.02","28676.91","6701.02","1099.08","N"
"cat shelter","2278","374","33","16.424242424242422","138000","11.83","7.6","4.37","216.13","45.45","6.16","26952.95","2843.94","144.82","N"
"cat boarding","1022","457","33","44.72972972972973","539000","25.09","34.73","22.13","280.00","299.72","21.91","25637.17","15873.42","733.38","N"
"cat food coupon","457","75","8","16.314199395770395","15900","53.29","45.52","25.18","34.11","38.69","3.02","24356.30","3394.17","205.14","N"
"cat door","1519","374","75","24.636363636363637","121000","15.53","18.47","14.12","20.97","28.26","42.08","23588.58","6911.52","1052.85","N"
"stray cats","2278","1022","374","44.848484848484844","4390000","9.91","8.08","5.1","12.19","17.78","5.76","22578.51","8256.21","1908.43","N"
"cat boots","1519","250","137","16.454545454545457","24700","14.11","16.06","17.94","16.37","19.43","108.54","21431.74","4013.86","2452.42","N"
"cat flea","1022","374","22","36.62162162162162","165000","20.78","16.52","6.2","41.14","14.70","3.72","21233.17","6181.83","136.98","N"
"cats for sale","4156","1864","250","44.85049833887043","510000","4.95","4.94","4.45","144.44","88.52","48.68","20573.56","9208.70","1112.18","N"
"cat litter coupons","204","112","50","54.729729729729726","80500","98.44","112.68","128.06","119.11","221.98","195.93","20117.36","12602.87","6365.81","N"
"wild cats","4156","684","167","16.445182724252494","25400000","4.61","5.57","3.25","1.34","1.89","1.85","19160.42","3807.13","543.01","N"
"cat power","5081","3397","1022","66.84782608695652","5250000","3.76","2.64","2.11","0.94","0.92","3.00","19106.16","8967.61","2156.02","N"
"fleas on cats","1250","204","75","16.353591160220994","29100","15.09","15.66","13.47","73.79","118.39","100.76","18857.13","3200.30","1004.38","N"
"cat flap","835","559","61","66.94214876033057","641000","22.54","20.13","4.24","8.57","9.26","0.72","18829.85","11257.36","257.61","N"
"feral cats","1864","374","91","20.074074074074073","2350000","10.08","10.11","6.66","18.55","29.02","10.06","18790.22","3783.19","606.95","N"
"cat toy","1519","457","26","30.09090909090909","220000","11.87","10.97","11.87","19.11","15.69","10.56","18029.39","5013.86","311.42","N"
"cat tree","1864","835","204","44.81481481481481","1130000","8.94","8.74","11.68","39.16","33.04","116.80","16665.14","7301.37","2386.94","N"
"cat face","2775","684","112","24.62686567164179","159000","6","0","0","0.00","0.00","0.00","16652.71","0.00","0.00","N"
"cat shoes","1864","374","204","20.074074074074073","57900","8.41","11.23","15.86","14.21","28.64","87.39","15677.16","4202.30","3241.18","N"
"best cat litter","457","307","40","67.06948640483384","407000","33.47","29.76","18.52","94.72","94.93","38.52","15297.53","9122.70","741.61","N"
"big cats","3397","1022","250","30.08130081300813","810000","4.45","3.16","1.56","2.31","2.12","2.89","15115.86","3228.91","389.89","N"
"best cat food","559","204","75","36.54320987654321","135000","26.1","19.43","17.84","76.73","62.56","39.25","14595.98","3970.75","1330.23","N"
"cat hotel","835","137","18","16.363636363636363","59000","16.93","13.78","9.75","11.34","6.06","3.32","14143.28","1883.74","175.02","N"
"cat furniture","1864","374","137","20.074074074074073","1030000","7.28","7.63","8.14","72.80","30.21","36.06","13570.72","2855.17","1112.75","N"
"cat allergies","835","250","75","29.917355371900825","170000","16.21","14.67","14.6","39.71","49.73","46.14","13541.79","3666.46","1088.64","N"
"cat protection","1864","457","112","24.51851851851852","28500","7.25","5.97","5.98","64.02","40.42","19.20","13514.79","2728.60","668.84","N"
"cat costume","2775","835","91","30.099502487562187","171000","4.82","6.54","3.11","11.62","26.49","6.34","13377.68","5463.50","283.43","N"
"cat food coupons","457","307","75","67.06948640483384","265000","28.74","30.02","23.23","46.27","83.46","26.25","13135.68","9202.40","1732.13","N"
"lost cat","2278","457","61","20.06060606060606","1520000","5.73","5.24","5.24","10.94","6.55","6.60","13054.98","2394.95","318.36","N"
"cat facts","1519","1022","457","67.27272727272728","104000","8.52","3.14","2.29","2.73","0.79","3.55","12941.06","3208.48","1046.65","N"
"cat health","684","250","75","36.56565656565657","2520000","18.52","20.15","19.77","36.85","16.12","31.63","12658.55","5036.06","1474.14","N"
"dry cat food","559","374","18","66.91358024691358","241000","21.18","23.83","29.34","113.95","173.96","15.84","11844.55","8917.25","526.67","N"
"cat flaps","684","137","40","20","98400","16.39","16.51","11.54","46.38","60.43","73.63","11202.68","2256.94","462.11","N"
"cat diarrhea","457","137","61","29.909365558912388","20500","24.15","18.94","16.91","25.12","17.80","23.17","11037.81","2589.12","1027.39","N"
"cat run","1519","835","307","55","746000","7.02","9.98","9.68","2.25","2.59","11.62","10662.71","8337.26","2967.33","N"
"types of cats","1022","307","204","30","151000","10.15","10.26","8.36","10.76","22.57","19.40","10371.35","3145.13","1708.46","N"
"wellness cat food","250","167","91","66.85082872928177","107000","37.45","37.68","40.6","47.56","91.94","93.38","9359.83","6295.55","3700.05","N"
"bengal cat","5081","1864","1022","36.684782608695656","1350000","1.8","1.76","1.83","1.21","1.92","6.20","9146.56","3280.83","1869.91","N"
"cat vomiting","684","167","40","24.444444444444446","120000","13.35","17.98","15.72","7.88","12.77","13.68","9124.82","3004.09","629.49","N"
"cat bed","1519","374","61","24.636363636363637","848000","5.91","6.82","2.82","5.32","5.12","3.07","8976.72","2552.06","171.33","N"
"natural cat food","250","61","18","24.309392265193374","212000","35.86","36.27","28.77","112.96","56.94","17.26","8962.45","2203.63","516.44","N"
"talking cat","9293","2278","457","24.517087667161967","865000","0.95","0.89","0.76","5.46","6.35","4.58","8828.28","2027.74","347.36","N"
"cat show","2278","457","33","20.06060606060606","1710000","3.8","3.83","9.37","0.95","0.61","1.03","8657.75","1750.51","310.52","N"
"cat parts","1519","307","18","20.18181818181818","141000","5.58","12.31","10.46","57.53","20.56","13.60","8475.48","3773.54","187.76","N"
"arctic cat atv","835","307","112","36.69421487603305","845000","10","11.68","11.18","38.50","54.08","63.73","8353.97","3580.42","1250.44","N"
"ragdoll cats","2278","457","204","20.06060606060606","820000","3.57","3.77","4.31","7.18","13.61","24.87","8133.73","1723.09","880.80","N"
"cat sitter","559","167","26","29.876543209876548","86200","13.87","15.7","11.7","32.46","33.75","19.30","7756.56","2623.15","306.96","N"
"canned cat food","559","250","12","44.69135802469136","777000","13.61","14.02","16.17","54.58","62.53","6.47","7611.16","3504.00","196.49","N"
"advantage for cats","457","137","75","29.909365558912388","106000","16.47","29.86","38.51","239.64","185.73","224.90","7527.65","4081.90","2871.47","N"
"cat behaviour","684","137","61","20","35100","11","8.72","8.86","7.48","4.10","6.02","7518.58","1192.04","538.30","N"
"cat treats","374","307","33","81.91881918819188","231000","19.81","21.39","33.99","17.04","24.17","27.87","7412.96","6556.94","1126.42","N"
"adopt a cat","835","204","61","24.462809917355372","208000","8.74","9.23","11.04","46.85","53.44","35.77","7301.37","1886.26","670.75","N"
"cat scratching post","457","250","137","54.68277945619336","28000","14.86","13.87","13.47","100.75","83.91","82.84","6791.79","3466.51","1841.37","N"
"cat food reviews","374","204","33","54.61254612546125","23800","18.14","18.23","13.08","34.28","67.27","14.39","6788.04","3725.51","433.47","N"
"cat beds","835","307","112","36.69421487603305","969000","8.12","9.78","13.42","27.36","29.54","104.68","6783.43","2997.99","1500.98","N"
"cat collars","1022","307","112","30","776000","6.49","6.14","7.23","57.63","93.33","49.60","6631.54","1882.17","808.65","N"
"siamese cats","2278","1022","457","44.848484848484844","1710000","2.87","2.97","1.79","4.88","6.59","5.82","6538.88","3034.77","818.12","N"
"cat sitting","684","250","40","36.56565656565657","358000","9.5","7.63","7.97","25.56","25.48","7.65","6493.32","1906.96","319.15","N"
"cat collar","1022","307","33","30","583000","6.29","6.48","10.04","13.59","18.73","26.00","6427.17","1986.40","332.72","N"
"gourmet cat","75","33","3","44.44444444444444","22900","85.97","131.49","85.16","12.90","40.76","1.70","6410.30","4357.54","246.94","N"
"cat repellent","559","374","137","66.91358024691358","53700","11.41","14.12","16.81","38.22","55.77","94.30","6380.85","5283.74","2297.95","N"
"cat litter coupon","204","61","8","29.729729729729733","47200","31.12","26.16","53.49","44.19","47.61","14.98","6359.73","1589.38","435.77","N"
"cat condo","835","167","61","20","70500","7.59","9.82","11.15","8.80","9.03","36.80","6340.67","1640.72","677.43","N"
"cat kennel","374","91","26","24.354243542435427","33500","16.74","15.11","13.06","22.10","18.43","22.46","6264.15","1377.04","342.64","N"
"used cat","835","137","4","16.363636363636363","141000","7.31","9.59","2.95","8.26","8.63","1.09","6106.75","1310.97","13.03","N"
"siberian cat","835","457","204","54.71074380165289","61600","7.22","7.24","6.39","4.91","4.63","5.88","6031.57","3309.06","1305.87","N"
"cat trees","684","307","137","44.84848484848485","676000","8.74","7.69","10.59","103.39","64.75","114.05","5973.85","2357.31","1447.67","N"
"cat sitters","457","75","10","16.314199395770395","24500","12.83","10.83","11.13","77.24","75.92","14.25","5863.98","807.53","110.65","N"
"cat diabetes","307","75","26","24.324324324324326","17200","19.06","13.28","10","5.91","4.78","6.60","5842.70","990.22","262.36","N"
"cat spray","684","137","10","20","28600","8.26","6.25","2.25","2.97","1.50","0.36","5645.77","854.38","22.37","N"
"ragdoll cat","2278","1022","684","44.848484848484844","169000","2.46","2.49","2.06","14.10","32.35","31.99","5604.76","2544.30","1408.02","N"
"cat scratch","2278","1250","61","54.84848484848485","533000","2.41","3.63","5.14","0.31","0.76","0.82","5490.84","4536.21","312.29","N"
"cat exam","1519","559","112","36.81818181818181","52900","3.61","2.73","2.26","1.59","0.93","3.01","5483.24","1526.71","252.77","N"
"cat houses","835","137","50","16.363636363636363","296000","6.55","7.56","12.97","24.50","29.11","68.35","5471.85","1033.46","644.73","N"
"cat stevens","6214","5081","1864","81.77777777777777","6030000","0.87","0.83","1","0.27","0.42","0.35","5405.92","4217.58","1864.11","N"
"cat behavior","835","374","112","44.79338842975206","1270000","6.44","14.62","14.94","57.90","77.19","67.38","5379.96","5470.84","1670.99","N"
"tidy cats coupon","112","33","26","29.629629629629633","6870","47.85","22.25","22.01","81.82","28.26","27.73","5351.86","737.36","577.45","N"
"cat neutering","835","137","26","16.363636363636363","14500","6.39","6.55","4.45","19.81","18.34","5.52","5338.19","895.39","116.75","N"
"cat eye sunglasses","684","374","112","54.747474747474755","57100","7.79","6.44","5.43","23.68","36.90","16.40","5324.52","2409.87","607.33","N"
"missing cat","1250","204","33","16.353591160220994","84700","4.25","4.29","3.81","4.46","5.96","2.02","5310.99","876.71","126.26","N"
"burmese cat","684","307","167","44.84848484848485","65200","7.76","5.75","3.41","0.93","1.03","0.68","5304.01","1762.62","569.74","N"
"cat litter boxes","684","112","50","16.363636363636363","290000","7.64","11.85","11.04","176.56","142.91","66.57","5221.99","1325.38","548.79","N"
"cat spraying","374","112","26","29.889298892988926","23500","13.88","16.67","13.12","10.69","19.84","10.10","5193.93","1864.48","344.21","N"
"cat sneezing","559","204","91","36.54320987654321","18400","9.15","7.51","6.09","1.92","2.63","4.38","5116.98","1534.76","555.01","N"
"cat kennels","307","61","14","19.819819819819823","43100","16.56","15.13","15.88","48.69","39.04","21.28","5076.34","919.24","219.27","N"
"cat names","4156","2775","684","66.77740863787376","1530000","1.22","0.99","0.99","17.43","13.73","24.21","5070.65","2747.70","676.67","N"
"cat vaccinations","457","91","26","19.939577039274926","280000","11.08","11.15","9.71","73.13","34.12","9.03","5064.14","1016.15","254.75","N"
"diabetes in cats","457","75","33","16.314199395770395","136000","10.89","11.23","11.29","8.71","14.26","12.08","4977.30","837.36","374.15","N"
"cat calendar","457","112","40","24.47129909365559","19900","10.61","13.88","5.4","3.08","3.19","0.70","4849.32","1552.43","216.24","N"
"warrior cats","5081","3397","1022","66.84782608695652","172000","0.95","1.11","0.79","0.04","0.07","0.02","4827.35","3770.47","807.23","N"
"cats tickets","250","61","10","24.309392265193374","14800","19.17","5.1","2.13","0.96","0.15","0.11","4791.13","309.86","21.18","N"
"cat pregnancy","684","137","50","20","32000","6.99","6.38","3.5","1.68","1.34","0.88","4777.71","872.15","173.98","N"
"diet cat food","307","137","7","44.5945945945946","20600","15.46","20.59","36.15","49.32","61.15","16.99","4739.15","2814.68","239.60","N"
"cat supplies","559","112","50","20","1490000","8.38","13.05","17.66","38.80","14.75","27.02","4686.37","1459.60","877.87","N"
"cat excavator","684","137","26","20","34500","6.85","7.31","6.82","13.91","8.99","6.75","4682.02","999.29","178.93","N"
"cat tools","457","112","50","24.47129909365559","62900","10.09","7.37","8.17","1.31","1.18","3.92","4611.66","824.31","406.13","N"
"persian cats","2278","684","250","30","1630000","2","1.87","2.37","0.62","0.82","0.55","4556.71","1278.16","592.33","N"
"cat enclosures","559","204","61","36.54320987654321","221000","8.07","7.63","7.34","135.25","62.41","19.89","4513.01","1559.28","445.95","N"
"cancer in cats","374","75","12","19.926199261992622","217000","11.75","8.69","5.5","5.29","3.48","1.76","4396.88","647.96","66.83","N"
"cat throwing up","559","137","26","24.444444444444446","62300","7.76","7.85","5.93","9.78","21.67","5.75","4339.65","1073.11","155.58","N"
"cat skid steer","457","75","18","16.314199395770395","23300","9.34","9.92","8.74","8.41","9.23","8.65","4268.87","739.68","156.89","N"
"cats claw","1022","167","61","16.35135135135135","75700","4.12","3.77","2.79","7.13","10.22","13.92","4209.85","629.89","169.51","N"
"cats protection","1864","1250","374","67.03703703703704","98800","2.24","1.79","1.24","9.45","6.86","2.78","4175.61","2236.86","464.01","N"
"tidy cat coupons","137","40","26","29.29292929292929","7270","30.11","28.69","30.34","15.05","28.69","40.96","4116.08","1148.86","795.99","N"
"cat trap","684","112","33","16.363636363636363","170000","5.98","7.24","6.25","3.05","3.33","9.00","4087.37","809.77","207.12","N"
"cat constipation","250","91","50","36.46408839779006","14600","16.32","11.5","8.29","54.51","20.01","10.03","4078.84","1048.04","412.09","N"
"free cat food","204","112","18","54.729729729729726","163000","19.91","18.05","11.24","59.33","28.52","7.98","4068.84","2018.83","201.77","N"
"lost cats","835","137","22","16.363636363636363","52700","4.87","5.76","7.47","12.32","5.76","3.29","4068.38","787.40","165.04","N"
"cat diseases","559","91","40","16.296296296296298","402000","7.26","6.04","7.64","5.95","3.93","9.17","4060.03","550.45","305.93","N"
"blue cat","2775","835","75","30.099502487562187","351000","1.39","1.1","1.24","0.15","0.09","0.26","3857.88","918.94","92.46","N"
"bengal cats","4156","684","250","16.445182724252494","985000","0.92","1.06","1.52","1.56","2.34","0.94","3823.77","724.52","379.89","N"
"microchip cat flap","112","75","40","66.66666666666667","5320","33.72","35.07","39.73","52.27","71.54","85.42","3771.47","2614.97","1590.94","N"
"cat rental","559","137","26","24.444444444444446","58200","6.65","6.22","10.83","6.38","4.48","7.47","3718.90","850.28","284.13","N"
"domestic cats","684","204","26","29.8989898989899","308000","5.39","4.78","4.04","0.86","0.29","0.57","3684.10","976.85","105.99","N"
"cat 2011","7595","1250","374","16.454545454545457","99800","0.48","5.3","1.89","0.05","0.00","0.02","3645.37","6623.11","707.24","N"
"cats spraying","307","50","10","16.216216216216218","8220","11.54","11.1","10.41","2.42","4.77","3.23","3537.50","551.78","103.50","N"
"cat declawing","374","75","26","19.926199261992622","78300","9.33","9.79","8.62","30.04","13.02","8.79","3491.31","729.99","226.15","N"
"siberian cats","684","167","61","24.444444444444446","272000","5.05","5.94","4.56","19.44","12.53","3.56","3451.71","992.45","277.05","N"
"allergic to cats","559","112","18","20","89800","6.03","6.45","6.84","3.14","6.00","4.65","3372.17","721.41","122.78","N"
"facts about cats","559","167","91","29.876543209876548","68000","5.98","1.75","1.52","3.83","1.61","1.95","3344.21","292.39","138.52","N"
"cat brush","250","61","14","24.309392265193374","74100","13.11","9.74","18.17","3.28","1.85","6.36","3276.57","591.77","250.90","N"
"cat s claw","374","307","112","81.91881918819188","237000","8.61","19.76","5.18","0.69","1.19","0.05","3221.89","6057.28","579.37","N"
"blue cat food","204","50","33","24.324324324324326","48400","15.62","15.78","15.86","21.09","27.61","25.85","3192.13","784.42","525.60","N"
"cat wormer","167","40","12","23.96694214876033","9220","19","16.45","17.57","26.41","19.58","24.25","3174.51","658.72","213.50","N"
"cat halloween costume","250","50","8","19.88950276243094","10300","12.54","10.23","5.49","18.81","6.85","2.47","3134.11","508.53","44.73","N"
"cat toilet","559","112","22","20","33500","5.52","7.85","4.72","8.83","5.57","3.63","3086.97","878.00","104.28","N"
"cat questions","457","75","22","16.314199395770395","34500","6.51","5.13","7.06","4.69","2.00","3.11","2975.41","382.52","155.98","N"
"big cat rescue","307","204","91","66.66666666666667","315000","9.36","5.9","3.61","5.15","3.89","1.95","2869.24","1205.73","328.99","N"
"cat worming","167","26","5","15.702479338842975","21900","17.05","20.1","12.83","17.22","23.92","6.93","2848.70","527.34","69.09","N"
"cat flea treatment","250","91","50","36.46408839779006","17500","11.36","18.81","22.14","100.65","85.96","88.56","2839.19","1714.24","1100.57","N"
"declawing cats","374","167","91","44.64944649446495","97900","7.43","7.04","6.53","79.87","52.17","30.56","2780.33","1176.24","595.11","N"
"cat iim","835","137","91","16.363636363636363","20300","3.31","0.8","0.75","0.03","0.01","0.04","2765.16","109.36","68.35","N"
"best dry cat food","75","40","22","53.7037037037037","56300","36.37","23.8","16.63","225.49","27.37","10.14","2711.91","953.04","367.41","N"
"hypoallergenic cats","374","250","204","66.78966789667896","140000","7.13","5.2","5.29","4.78","2.91","2.38","2668.07","1299.63","1081.07","N"
"himalayan cat","684","374","204","54.747474747474755","458000","3.81","3.33","2.91","0.72","0.97","1.66","2604.16","1246.10","594.69","N"
"cat carriers","457","137","50","29.909365558912388","70100","5.65","6.99","8.36","37.91","47.81","38.12","2582.34","955.54","415.57","N"
"fisher cat","835","457","250","54.71074380165289","217000","3.01","2.54","3.77","0.06","0.10","0.15","2514.55","1160.91","942.23","N"
"grain free cat food","91","50","22","54.54545454545455","64100","27.42","21.56","26.84","167.81","59.07","28.99","2498.90","1071.74","592.98","N"
"tapeworms in cats","457","75","40","16.314199395770395","70600","5.45","5.56","4.73","4.25","9.62","12.72","2490.93","414.58","189.41","N"
"cat games for girls","307","91","75","29.729729729729733","67000","7.87","2.98","3.11","15.50","1.16","1.12","2412.49","271.58","231.90","N"
"funny cat videos","835","457","374","54.71074380165289","490000","2.87","2.63","2.45","8.18","12.20","13.94","2397.59","1202.05","916.80","N"
"cat work boots","61","18","12","29.545454545454547","6140","39.27","17.45","20.5","86.79","19.72","27.06","2385.89","313.24","249.10","N"
"healthy cat food","91","26","12","28.787878787878785","76400","26.11","21.53","17.31","37.08","17.65","7.27","2379.52","564.85","210.34","N"
"cat accessories","559","91","40","16.296296296296298","84200","4.23","5.97","7.68","54.69","16.24","12.60","2365.56","544.07","307.54","N"
"cats protection league","374","250","91","66.78966789667896","21300","6.17","5.64","6.79","15.73","13.03","7.74","2308.83","1409.60","618.80","N"
"cat ears","1250","559","75","44.75138121546961","193000","1.8","2.08","0.78","0.22","0.27","0.47","2249.36","1163.20","58.16","N"
"cat bowl","457","75","10","16.314199395770395","25800","4.87","8.48","1.77","0.54","0.42","0.12","2225.84","632.31","17.60","N"
"cat grass","307","137","50","44.5945945945946","331000","7.24","4.66","4.42","3.55","2.75","4.20","2219.37","637.03","219.72","N"
"advocate for cats","112","75","50","66.66666666666667","6560","18.99","22","24.13","47.85","105.16","121.37","2123.97","1640.42","1199.49","N"
"cat towers","307","112","61","36.486486486486484","110000","6.87","6.93","8.07","19.44","20.24","51.24","2105.95","775.10","490.30","N"
"cat cage","457","75","22","16.314199395770395","28400","4.55","4.36","1.85","1.68","0.57","0.44","2079.59","325.10","40.87","N"
"cat gifts","204","61","26","29.729729729729733","128000","10.1","10.98","21.39","11.11","2.20","12.19","2064.05","667.10","561.18","N"
"birman cats","374","61","26","16.236162361623617","147000","5.5","4.92","3.48","1.16","1.53","0.90","2058.12","298.92","91.30","N"
"cat protection league","374","112","50","29.889298892988926","78900","5.48","5.26","4.57","10.96","2.74","1.42","2050.63","588.31","227.17","N"
"cats cradle","2278","374","204","16.424242424242422","568000","0.9","0.84","0.89","0.06","0.08","0.01","2050.52","314.33","181.88","N"
"happy cat","1022","307","137","30","154000","2","2.25","2.13","0.14","0.14","0.28","2043.62","689.72","291.17","N"
"hairless cats","684","167","75","24.444444444444446","129000","2.96","2.9","4.63","0.30","0.55","0.42","2023.18","484.53","345.23","N"
"jelly cat","684","112","50","16.363636363636363","127000","2.94","3.16","3.83","4.97","8.28","12.95","2009.51","353.44","190.39","N"
"cat water fountain","137","75","50","54.54545454545455","12500","14.59","17.11","20.94","30.64","29.26","41.25","1994.47","1275.80","1040.92","N"
"dewormer for cats","112","18","5","16.049382716049386","8340","17.23","21.7","19.35","11.89","12.15","11.61","1927.12","389.53","104.20","N"
"cat games online","374","75","40","19.926199261992622","14500","5.13","5.92","6.97","31.75","0.59","0.84","1919.66","441.42","279.11","N"
"felix the cat","1519","835","374","55","2190000","1.25","1.12","0.9","0.55","0.97","0.85","1898.63","935.64","336.78","N"
"cat shampoo","204","61","14","29.729729729729733","26100","9.2","13.93","20.1","5.61","9.47","12.86","1880.13","846.33","277.55","N"
"cat basket","204","33","10","16.216216216216218","15900","9.14","7.28","10.13","1.55","2.11","6.28","1867.87","241.26","100.71","N"
"clumping cat litter","91","61","10","66.66666666666667","162000","20.1","21.95","18.76","25.33","25.46","6.94","1831.80","1333.60","186.51","N"
"constipation in cats","250","40","22","16.02209944751381","110000","7.22","6.98","8.32","3.83","4.68","6.41","1804.49","279.51","183.82","N"
"arctic cat prowler","250","204","33","81.76795580110497","115000","7.16","5.83","3.58","5.73","5.25","3.47","1789.49","1191.43","118.64","N"
"cat litter reviews","91","40","14","43.93939393939394","71200","19.51","27.79","33.98","15.02","16.40","9.85","1778.03","1112.82","469.20","N"
"cats.com","250","75","26","29.834254143646408","64800","7.07","7.07","7.07","2.47","1.34","0.14","1767.00","527.17","185.49","N"
"cat toilet training","204","40","18","19.594594594594597","21200","8.62","10.01","10.01","5.69","6.71","7.11","1761.60","400.84","179.69","N"
"munchkin cats","684","112","61","16.363636363636363","21100","2.53","2.22","2.4","0.08","0.11","0.26","1729.27","248.30","145.81","N"
"cat tags","204","40","18","19.594594594594597","164000","8.41","16.95","18.83","7.99","5.09","25.04","1718.68","678.74","338.01","N"
"constipated cat","250","50","22","19.88950276243094","46700","6.75","8.18","4.32","1.89","2.21","0.95","1687.02","406.62","95.44","N"
"russian blue cats","457","75","33","16.314199395770395","117000","3.67","1.94","1.26","0.29","0.10","0.05","1677.38","144.65","41.76","N"
"cat ornaments","112","40","14","35.80246913580247","93900","14.85","14.89","14.86","7.72","12.21","8.02","1660.92","596.25","205.19","N"
"cat carrier","559","307","112","54.81481481481482","85400","2.94","3.26","2.07","8.64","12.91","4.35","1644.14","999.33","231.52","N"
"senior cat food","61","26","7","43.18181818181818","11800","26.99","22.01","21.08","27.53","17.17","4.01","1639.81","577.45","139.72","N"
"cat dandruff","137","75","50","54.54545454545455","15900","11.78","12.92","8.66","2.47","3.36","3.72","1610.34","963.37","430.49","N"
"arthritis in cats","75","22","10","29.629629629629626","101000","21.48","19.31","18.39","4.73","8.30","5.88","1601.64","426.62","182.83","N"
"burmese cats","559","137","61","24.444444444444446","851000","2.81","3.03","3.17","0.70","0.76","0.48","1571.44","414.21","192.60","N"
"cat bowls","307","61","18","19.819819819819823","71600","5.09","4.85","6.98","3.82","2.86","7.12","1560.30","294.67","125.30","N"
"cat tunnel","204","50","14","24.324324324324326","121000","7.6","7.26","17.96","5.24","7.41","13.11","1553.15","360.89","248.00","N"
"cat cages","374","91","40","24.354243542435427","199000","4.14","6.93","5.35","16.06","6.79","14.23","1549.20","631.56","214.23","N"
"organic cat food","61","33","14","54.54545454545455","15900","24.9","39.45","52.64","24.15","34.72","23.69","1512.83","1307.36","726.86","N"
"cat coaching","307","167","10","54.50450450450451","19100","4.89","5.78","3.91","5.09","7.92","0.39","1498.99","965.72","38.87","N"
"raw cat food","137","50","14","36.36363636363636","123000","10.88","12.58","14.72","9.25","13.21","6.33","1487.31","625.35","203.26","N"
"cat shows","684","137","26","20","824000","2.17","0.58","3.25","0.43","0.16","0.33","1483.21","79.29","85.27","N"
"cat attract","61","40","12","65.9090909090909","52500","24.01","22.82","21.05","8.88","14.38","9.47","1458.76","913.80","255.78","N"
"cat scratcher","167","112","18","66.94214876033057","178000","8.63","9.34","17.28","7.59","12.33","13.82","1441.90","1044.65","310.19","N"
"cat fabric","204","33","10","16.216216216216218","15200","7.04","4.82","2.28","2.32","0.77","0.75","1438.71","159.73","22.67","N"
"virtual cat","250","91","14","36.46408839779006","167000","5.75","6.81","3.73","0.86","1.29","0.19","1437.09","620.62","51.50","N"
"cat food brands","137","112","33","81.81818181818181","87600","10.51","13.36","9.87","31.85","60.79","36.62","1436.73","1494.27","327.09","N"
"orijen cat","75","61","7","81.48148148148148","11000","19.02","16.27","3.55","3.61","8.13","0.14","1418.21","988.50","23.53","N"
"drontal for cats","112","40","26","35.80246913580247","35400","12.53","14.58","15.8","9.52","22.31","24.96","1401.44","583.84","414.52","N"
"drontal cat","91","33","18","36.36363636363637","9320","15.35","13.53","15.59","8.75","4.74","4.37","1398.91","448.38","279.85","N"
"exotic cats","559","137","50","24.444444444444446","62000","2.45","1.53","0.8","4.41","4.50","1.54","1370.12","209.15","39.77","N"
"found cats","457","75","10","16.314199395770395","29900","2.96","2.91","4.41","6.60","4.74","0.84","1352.87","216.98","43.84","N"
"african cats","1250","1022","250","81.76795580110497","835000","1.05","0.78","0.52","0.22","0.29","0.23","1312.13","797.01","129.96","N"
"outdoor cat house","204","91","50","44.5945945945946","81800","6.37","6.51","7.02","30.51","9.31","12.43","1301.78","593.28","348.96","N"
"arctic cat snowmobile","374","167","40","44.64944649446495","498000","3.38","3.14","1.8","2.91","2.64","1.42","1264.81","524.63","72.08","N"
"heated cat bed","61","40","26","65.9090909090909","6640","20.81","27.06","37.17","28.93","31.93","45.72","1264.34","1083.59","975.18","N"
"cat behaviors","75","18","8","24.074074074074076","75900","16.58","21.62","24.24","3.98","6.92","11.88","1236.28","388.09","197.48","N"
"cat dander","112","91","22","81.4814814814815","44800","10.82","10.14","5.05","2.38","2.43","1.41","1210.18","924.10","111.57","N"
"caring for cats","112","33","14","29.629629629629633","155000","10.81","13.93","6.36","2.05","4.32","1.21","1209.06","461.64","87.82","N"
"innova cat food","61","33","18","54.54545454545455","12600","19.79","29.18","24.94","9.89","22.47","16.21","1202.36","967.02","447.69","N"
"cat illnesses","167","50","33","29.75206611570248","144000","7.19","9.93","9.4","4.46","5.76","10.53","1201.30","493.62","311.51","N"
"cat traps","250","91","26","36.46408839779006","101000","4.72","5.27","5.59","6.37","7.43","14.37","1179.66","480.28","146.66","N"
"bengal cat breeders","250","50","14","19.88950276243094","145000","4.7","3.83","5.71","8.74","3.18","3.20","1174.67","190.39","78.84","N"
"himalayan cats","559","112","40","20","295000","2.09","3.64","4.94","0.73","0.33","0.15","1168.80","407.12","197.82","N"
"cat health problems","91","33","18","36.36363636363637","32000","12.79","12.46","13.8","8.70","2.49","2.76","1165.61","412.92","247.72","N"
"arctic cat snowmobiles","307","112","50","36.486486486486484","50600","3.77","2.73","2.71","7.31","1.61","0.98","1155.67","305.34","134.71","N"
"cat harness","204","137","61","66.8918918918919","127000","5.55","5.19","5.3","13.60","16.45","14.42","1134.21","709.48","322.01","N"
"cat halloween costumes","250","75","33","29.834254143646408","63600","4.45","2.87","1.57","27.77","11.45","5.54","1112.18","214.00","52.03","N"
"cat preparation","374","204","40","54.61254612546125","19800","2.95","3.39","2.99","16.58","7.80","3.02","1103.90","692.79","119.73","N"
"cat eye contacts","91","61","33","66.66666666666667","7060","12.09","11.54","10.43","10.40","21.81","17.94","1101.81","701.13","345.65","N"
"ticks on cats","204","50","33","24.324324324324326","9250","5.26","3.64","3.37","2.68","3.31","3.27","1074.94","180.94","111.68","N"
"british shorthair cats","250","50","14","19.88950276243094","162000","4.29","2.74","1.55","8.11","1.23","0.20","1072.19","136.20","21.40","N"
"diabetic cat food","61","26","14","43.18181818181818","9870","17.46","26.24","29.24","16.94","16.01","13.74","1060.80","688.42","403.75","N"
"cat food recipes","112","61","18","54.320987654320994","23200","9.41","6.43","7.54","6.12","4.44","3.39","1052.48","390.66","135.35","N"
"cat dewormer","112","33","14","29.629629629629633","16400","9.3","11.25","15.19","5.58","8.10","15.95","1040.17","372.82","209.75","N"
"cat urns","61","22","14","36.36363636363636","8750","16.84","26.83","20.14","7.24","7.24","21.15","1023.13","592.76","278.10","N"
"outdoor cat enclosures","112","40","33","35.80246913580247","15400","8.94","5.41","4.97","145.36","16.12","11.68","999.91","216.64","164.70","N"
"cat material","250","50","8","19.88950276243094","13800","3.94","2.43","2.15","0.63","0.19","0.30","984.72","120.79","17.52","N"
"tabby cats","1022","204","61","20","391000","0.93","0.97","0","0.07","0.07","0.00","950.28","198.23","0.00","N"
"cat food online","61","40","12","65.9090909090909","14900","14.9","24.5","30.29","49.02","34.79","16.05","905.27","981.07","368.06","N"
"cat psychology","61","22","18","36.36363636363636","8410","14.82","7.91","3.67","7.85","1.66","0.66","900.41","174.76","65.88","N"
"homemade cat food","137","91","40","66.66666666666667","124000","6.56","8.06","6.58","4.46","8.14","6.91","896.76","734.54","263.49","N"
"cat allergy symptoms","91","33","26","36.36363636363637","6660","9.6","9.15","9.44","2.69","2.65","4.25","874.89","303.23","247.66","N"
"cat gym","112","18","10","16.049382716049386","64100","7.67","7","9.11","0.38","0.35","2.10","857.86","125.65","90.57","N"
"cat rescue centres","112","40","14","35.80246913580247","19800","7.54","4.6","5.15","10.63","3.27","0.93","843.32","184.20","71.11","N"
"cat skin problems","91","33","26","36.36363636363637","10100","8.97","7.18","6.98","3.59","3.88","4.68","817.47","237.94","183.12","N"
"felix cat food","61","50","26","81.81818181818181","4460","13.01","16.19","11","3.64","8.10","5.94","790.44","804.80","288.59","N"
"cheap cat food","61","22","12","36.36363636363636","7140","12.8","12.94","13.81","17.15","13.85","12.98","777.68","285.89","167.81","N"
"cat litter trays","112","40","22","35.80246913580247","26700","6.88","5.65","5.73","6.81","13.22","7.33","769.50","226.25","126.59","N"
"cat mask","457","137","40","29.909365558912388","37400","1.67","2.07","2.03","0.23","0.31","0.79","763.28","282.97","81.29","N"
"cat behavior problems","61","33","18","54.54545454545455","22000","12.49","13.32","13.19","11.62","6.93","9.89","758.84","441.42","236.77","N"
"cat results","835","167","75","20","27400","0.9","0","0.4","0.15","0.00","0.00","751.86","0.00","29.83","N"
"cat ear mites","167","61","40","36.36363636363637","52700","4.49","4.32","3.28","0.31","0.43","0.56","750.19","262.47","131.34","N"
"common admission test","204","112","18","54.729729729729726","65800","3.63","2.21","1.99","2.25","0.29","0.18","741.83","247.18","35.72","N"
"heated cat beds","61","12","8","19.999999999999996","64200","12.2","13.18","18.05","8.17","12.26","12.45","741.23","160.15","147.05","N"
"cat advice","75","14","7","18.51851851851852","19900","9.68","11.17","6.82","1.74","0.89","1.09","721.78","154.24","45.20","N"
"outdoor cat houses","91","26","14","28.787878787878785","83400","7.87","8.73","10.14","38.88","17.37","18.76","717.23","229.04","140.02","N"
"cat window perch","61","40","26","65.9090909090909","45600","11.76","10.46","11.09","20.93","18.51","22.29","714.49","418.86","290.95","N"
"cat scratchers","137","50","22","36.36363636363636","34800","5.12","6.67","11.96","54.89","43.62","24.28","699.91","331.56","264.23","N"
"cat leash","137","40","22","29.29292929292929","39500","5.02","2.96","2.51","1.46","1.04","2.71","686.24","118.53","55.45","N"
"lysine for cats","91","50","18","54.54545454545455","14700","7.47","6.14","6","7.77","9.52","6.90","680.77","305.22","107.70","N"
"rspca cats","112","26","12","23.45679012345679","10600","5.95","2.08","2.52","8.15","0.67","0.58","665.49","54.57","30.62","N"
"cat litter tray","137","75","14","54.54545454545455","15600","4.86","4.7","4.78","6.66","10.81","2.77","664.37","350.45","66.00","N"
"cats dvd","307","61","8","19.819819819819823","15700","2.1","1.99","1.6","0.06","0.08","0.08","643.74","120.90","13.03","N"
"cat behaviour problems","61","10","7","16.363636363636363","147000","10.44","6.95","7.39","33.20","0.76","0.59","634.29","69.10","48.98","N"
"seizures in cats","112","22","10","19.753086419753085","68600","5.66","4.51","4.13","1.25","1.80","1.65","633.05","99.64","41.06","N"
"cat tent","91","22","10","24.242424242424242","57800","6.92","4.24","1.93","0.48","0.38","0.77","630.65","93.67","19.19","N"
"cat body language","75","50","40","66.66666666666666","7990","8.36","5.88","6.09","1.09","1.47","1.58","623.36","292.29","243.87","N"
"cats vs dogs","684","137","61","20","159000","0.9","0","1.44","0.02","0.00","0.00","615.16","0.00","87.49","N"
"arctic cat dealers","204","112","40","54.729729729729726","18600","2.97","2.42","3.22","18.92","9.63","4.96","606.95","270.67","128.94","N"
"cat jewelry","250","40","14","16.02209944751381","33200","2.42","2.94","3.3","10.55","3.35","2.21","604.83","117.73","45.57","N"
"siamese cat breeders","137","40","10","29.29292929292929","9780","4.33","3.95","2.3","3.64","2.21","0.71","591.92","158.17","22.87","N"
"crazy cats","559","137","75","24.444444444444446","94900","1.04","1.34","1.79","0.02","0.07","0.16","581.60","183.18","133.47","N"
"cat whisperer","137","91","50","66.66666666666667","118000","4.25","4.41","4.58","2.42","4.63","7.51","580.98","401.90","227.67","N"
"cat vs dog","835","374","137","44.79338842975206","410000","0.69","0.74","1.75","0.08","0.16","0.02","576.42","276.91","239.23","N"
"caterpilar","684","457","137","66.86868686868688","13100000","0.84","0","0","0.34","0.00","0.00","574.15","0.00","0.00","N"
"cystitis in cats","61","26","14","43.18181818181818","36700","8.79","8.52","7.85","1.41","2.90","3.22","534.05","223.53","108.39","N"
"cat figurines","137","50","10","36.36363636363636","30500","3.89","3.06","3.1","6.11","4.47","2.11","531.77","152.11","30.82","N"
"cat entrance","137","40","4","29.29292929292929","14500","3.87","2.9","0.58","0.19","0.26","0.03","529.03","116.13","2.08","N"
"cat dancer","137","50","18","36.36363636363636","31000","3.79","3.48","3.11","0.45","0.87","1.96","518.10","172.99","55.83","N"
"black cat costume","112","61","18","54.320987654320994","9740","4.6","5.32","3","16.56","10.75","2.79","514.49","323.22","53.85","N"
"cats 101","457","307","167","67.06948640483384","479000","1.12","1","1.05","0.38","0.41","3.23","511.90","306.54","175.43","N"
"cat question papers","204","40","22","19.594594594594597","4470","2.42","2.21","2.19","0.61","0.73","0.96","494.56","88.50","48.38","N"
"how to prepare for cat","204","75","40","36.48648648648649","5340","2.35","2.57","2.16","1.76","1.16","0.69","480.25","191.63","86.49","N"
"cat merchandise","75","33","8","44.44444444444444","12200","6.42","5.98","9.45","42.37","3.65","1.98","478.70","198.18","76.99","N"
"all cat breeds","75","14","8","18.51851851851852","15500","6.37","5.85","5.16","0.51","0.35","0.46","474.98","80.78","42.04","N"
"cat baskets","91","18","10","19.6969696969697","7860","5.19","5.81","6.16","3.94","7.20","5.67","472.99","104.29","61.24","N"
"cats with thumbs","112","75","40","66.66666666666667","67500","4.21","3.11","3.24","0.97","1.74","1.62","470.87","231.90","129.74","N"
"pete the cat","684","457","204","66.86868686868688","414000","0.68","0.68","0.63","1.56","3.35","3.36","464.78","310.80","128.75","N"
"siberian cat breeders","91","50","14","54.54545454545455","7310","4.83","3.88","4.36","16.71","2.79","1.61","440.18","192.87","60.20","N"
"abyssinian cats","307","61","22","19.819819819819823","333000","1.43","1.59","1.32","0.74","0.52","0.11","438.36","96.60","29.16","N"
"crazy cat","1250","559","112","44.75138121546961","274000","0.35","0.3","0.28","0.02","0.01","0.00","437.38","167.77","31.32","N"
"cat tree house","75","40","22","53.7037037037037","17900","5.6","6.77","6.7","9.18","11.78","12.66","417.56","271.10","148.02","N"
"rabies in cats","250","40","18","16.02209944751381","51200","1.62","1.11","1.38","0.31","0.27","0.34","404.88","44.45","24.77","N"
"cat result","684","112","50","16.363636363636363","17500","0.59","0","0","0.01","0.00","0.00","403.27","0.00","0.00","N"
"cat necklace","75","40","12","53.7037037037037","14600","5.38","6.3","3.41","0.48","0.63","0.44","401.16","252.28","41.44","N"
"teacup cats","204","75","50","36.48648648648649","11700","1.92","1.39","1.15","0.96","1.28","1.30","392.37","103.64","57.17","N"
"ringworm in cats","457","112","61","24.47129909365559","89400","0.83","0.73","0.68","0.12","0.26","0.31","379.35","81.65","41.31","N"
"bengal cat rescue","75","33","18","44.44444444444444","54400","5","4.69","3.91","36.15","4.55","2.50","372.82","155.43","70.19","N"
"declawing cats cost","75","12","12","16.296296296296294","11900","4.97","3.95","4","9.34","5.25","8.28","370.58","48.00","48.60","N"
"mad cat","684","167","50","24.444444444444446","167000","0.54","0.62","0.61","0.01","0.01","0.01","369.09","103.59","30.32","N"
"cat hair loss","167","50","22","29.75206611570248","11300","2.19","1.76","2.07","1.80","0.97","1.16","365.90","87.49","45.73","N"
"snowshoe cat","167","137","91","81.81818181818181","109000","2.18","1.71","2.13","0.09","0.09","0.13","364.23","233.76","194.12","N"
"cat watches","167","50","22","29.75206611570248","25000","2.16","1.53","0.94","1.25","1.38","0.85","360.89","76.06","20.77","N"
"crazy cat lady","307","307","137","100","546000","1.15","2.44","2.99","0.01","0.05","0.03","352.52","747.96","408.74","N"
"cat mugs","75","18","7","24.074074074074076","96800","4.59","4.04","3.17","1.15","0.81","1.62","342.25","72.52","21.01","N"
"battersea cats home","61","10","8","16.363636363636363","61","5.62","11.33","10.49","1.01","0.57","1.26","341.45","112.64","85.46","N"
"lucky cat","457","307","75","67.06948640483384","869000","0.74","0.77","0.73","0.16","0.18","0.37","338.22","236.04","54.43","N"
"cat stands","91","22","7","24.242424242424242","13200","3.7","2.96","3.96","1.37","1.15","3.25","337.20","65.40","26.25","N"
"sexy cat costume","112","26","22","23.45679012345679","8870","3.01","2.61","2.78","10.84","4.62","5.31","336.66","68.47","61.42","N"
"bombay cat","250","167","112","66.85082872928177","20600","1.33","1.2","1.48","0.01","0.02","0.01","332.41","200.50","165.53","N"
"cat antibiotics","137","22","10","16.16161616161616","10400","2.43","2.63","2.58","11.49","2.84","1.44","332.18","58.10","25.65","N"
"free cat neutering","75","22","7","29.629629629629626","14500","4.34","7.1","8.39","11.80","3.62","1.59","323.61","156.86","55.61","N"
"cat syllabus","374","204","137","54.61254612546125","4090","0.85","0.84","0.77","0.62","0.94","2.09","318.07","171.66","105.26","N"
"persian cat breeders","137","40","10","29.29292929292929","60800","2.28","1.85","1.59","2.12","1.09","0.78","311.68","74.08","15.81","N"
"cat socks","112","33","12","29.629629629629633","10600","2.74","2.73","1.53","0.88","0.63","0.84","306.46","90.47","18.59","N"
"cat charms","75","14","4","18.51851851851852","15000","4.08","2.79","2.87","1.31","0.61","0.52","304.22","38.52","12.68","N"
"mange in cats","137","50","26","36.36363636363636","81900","2.2","2.03","1.57","1.50","2.15","2.34","300.74","100.91","41.19","N"
"domestic cat breeds","137","50","18","36.36363636363636","39600","2.19","2.38","2.27","0.39","0.24","0.34","299.38","118.31","40.75","N"
"cat claw covers","75","33","26","44.44444444444444","58400","3.99","2.34","2.07","3.59","4.21","4.89","297.51","77.55","54.31","N"
"female cat names","457","167","91","36.5558912386707","104000","0.65","0.55","0.54","0.92","1.80","2.21","297.08","91.89","49.21","N"
"cute cat pictures","374","137","112","36.53136531365313","21300","0.78","1","0.99","0.17","0.18","0.27","291.88","136.70","110.73","N"
"tonkinese cats","75","26","12","35.18518518518518","10400","3.88","3.21","2.51","1.20","0.58","0.28","289.31","84.22","30.50","N"
"cat study material","112","33","8","29.629629629629633","5430","2.49","2.99","2.9","1.15","1.02","0.67","278.50","99.09","23.63","N"
"cat stairs","91","22","10","24.242424242424242","35700","3.01","3.22","2.86","0.45","0.48","1.26","274.31","71.14","28.43","N"
"river cats","559","374","75","66.91358024691358","156000","0.49","0.89","0","0.00","0.01","0.00","274.02","333.04","0.00","N"
"cat hammock","61","40","22","65.9090909090909","8920","4.46","4.49","3.76","1.83","3.28","3.35","270.97","179.80","83.07","N"
"male cat spraying","61","18","8","29.545454545454547","38300","4.4","4.67","4.54","0.62","1.03","0.82","267.33","83.83","36.99","N"
"male cat names","374","137","91","36.53136531365313","17400","0.7","0.57","0.55","0.27","0.39","0.56","261.94","77.92","50.12","N"
"antibiotics for cats","112","26","10","23.45679012345679","40600","2.33","1.18","0.86","1.05","0.50","0.46","260.60","30.96","8.55","N"
"cat tv","1519","250","137","16.454545454545457","81100","0.17","0.32","0.32","0.00","0.00","0.00","258.21","79.98","43.74","N"
"youtube funny cats","204","75","75","36.48648648648649","14000","1.26","1.5","0.96","0.18","0.26","0.22","257.50","111.85","71.58","N"
"cat pens","61","18","7","29.545454545454547","17000","4.23","4.65","3.51","0.93","0.74","2.25","257.00","83.47","23.26","N"
"mock cat","137","33","4","24.242424242424242","6260","1.8","2.05","1.45","0.47","0.33","0.45","246.06","67.94","5.21","N"
"kinds of cats","250","40","22","16.02209944751381","109000","0.97","1.7","2.64","0.54","1.22","1.72","242.43","68.07","58.33","N"
"smelly cat","374","307","112","81.91881918819188","262000","0.63","0.66","0","0.02","0.01","0.00","235.75","202.32","0.00","N"
"cat sample papers","112","40","18","35.80246913580247","2660","2.08","0.9","1.44","0.75","0.13","0.17","232.64","36.04","25.85","N"
"cat mock test","75","33","12","44.44444444444444","4450","2.91","2.95","2.32","3.35","2.42","1.28","216.98","97.76","28.19","N"
"cat nail caps","91","26","22","28.787878787878785","21800","2.36","2.04","2.1","2.50","4.00","6.11","215.08","53.52","46.40","N"
"maru the cat","307","167","137","54.50450450450451","13100","0.69","0.77","0.78","0.08","0.21","0.31","211.51","128.65","106.63","N"
"furreal cat","75","14","12","18.51851851851852","4100","2.8","1.99","2.06","0.45","0.56","0.70","208.78","27.48","25.03","N"
"pancreatitis in cats","112","50","33","44.44444444444444","10600","1.86","0.95","0.76","0.50","0.41","0.44","208.03","47.22","25.19","N"
"kilkenny cats","167","112","91","66.94214876033057","37600","1.24","3.55","3.55","0.02","0.04","0.00","207.18","397.06","323.53","N"
"cat seizures","91","18","8","19.6969696969697","10200","2.27","1.64","1.22","0.25","0.16","0.26","206.87","29.44","9.94","N"
"different cat breeds","112","18","12","16.049382716049386","12900","1.74","1.99","1.66","0.12","0.12","0.18","194.61","35.72","20.17","N"
"cat test papers","75","12","7","16.296296296296294","3700","2.47","2.93","2.9","4.50","0.41","0.41","184.17","35.60","19.22","N"
"girl cat names","374","112","61","29.889298892988926","13800","0.48","0.58","0.58","1.77","1.95","2.71","179.62","64.87","35.24","N"
"savannah cat breeders","75","33","10","44.44444444444444","127000","2.39","2.11","2.33","8.70","2.93","1.21","178.21","69.92","23.16","N"
"sylvester the cat","204","91","50","44.5945945945946","203000","0.83","0.98","1.59","0.02","0.06","0.03","169.62","89.31","79.04","N"
"ceramic cats","61","10","4","16.363636363636363","8400","2.78","2.99","1.37","0.70","0.57","0.22","168.90","29.73","4.92","N"
"miniature cats","137","50","33","36.36363636363636","94200","1.21","0.9","1.01","0.75","0.33","0.21","165.41","44.74","33.47","N"
"cat sweaters","167","40","22","23.96694214876033","6720","0.95","0.83","0.7","0.48","0.73","0.70","158.73","33.24","15.47","N"
"cat preparation books","61","22","14","36.36363636363636","5250","2.61","3.67","3.31","2.01","1.17","0.99","158.57","81.08","45.71","N"
"samurai pizza cats","204","204","112","100","133000","0.76","0.74","1.25","0.01","0.01","0.01","155.31","151.23","139.81","N"
"cat eye infection","112","61","40","54.320987654320994","60300","1.32","1.86","1.64","0.07","0.22","0.21","147.64","113.01","65.67","N"
"male cats spraying","61","10","7","16.363636363636363","34800","2.41","4.28","7.44","0.12","0.17","0.22","146.42","42.55","49.31","N"
"cat exam papers","61","18","10","29.545454545454547","5830","2.34","2.18","1.82","1.17","0.28","0.20","142.17","39.13","18.09","N"
"boy cat names","250","91","61","36.46408839779006","13600","0.54","0.53","0.53","0.58","0.98","1.32","134.96","48.30","32.20","N"
"cat osterman","91","91","40","100","188000","1.47","1.43","1.12","0.16","0.31","0.55","133.97","130.32","44.85","N"
"pedigree cats","75","40","18","53.7037037037037","77800","1.69","2.44","1.22","0.34","0.34","0.18","126.01","97.71","21.90","N"
"cat protection society","91","91","50","100","10000","1.23","1.23","1.23","0.07","0.07","0.07","112.10","112.10","61.14","N"
"cat stock price","137","40","40","29.29292929292929","13000","0.8","1.68","1.6","0.10","0.15","0.19","109.36","67.27","64.07","N"
"cute cat names","167","91","75","54.54545454545455","12600","0.6","0.66","0.63","11.56","2.24","2.62","100.25","60.15","46.98","N"
"arctic cat canada","75","40","40","53.7037037037037","52900","1.29","1.69","1.79","0.15","0.20","0.27","96.19","67.67","71.68","N"
"purebred cat rescue","61","50","33","81.81818181818181","37700","1.53","1.02","1.01","0.21","0.33","0.48","92.96","50.70","33.47","N"
"top cat names","91","18","14","19.6969696969697","50400","0.99","0.68","0.65","4.61","0.22","0.27","90.22","12.21","8.98","N"
"cat exam 2011","91","26","14","28.787878787878785","7020","0.92","3.27","0.4","0.01","0.00","0.00","83.84","85.79","5.52","N"
"best cat names","91","26","18","28.787878787878785","9750","0.89","1.49","2.1","0.15","0.04","0.04","81.11","39.09","37.70","N"
"hipster cat","137","112","75","81.81818181818181","7220","0.59","2.45","1.4","0.01","0.07","0.01","80.65","274.02","104.39","N"
"www.cat.com","137","91","91","66.66666666666667","60800","0.54","0.54","3.04","0.24","0.14","0.15","73.82","49.21","277.05","N"
"popular cat names","91","33","18","36.36363636363637","64600","0.69","0.62","0.77","0.57","0.06","0.08","62.88","20.55","13.82","N"
"unique cat names","61","33","22","54.54545454545455","64300","1.03","0.84","0.69","0.29","0.03","0.03","62.58","27.84","15.24","N"
"cool cat names","91","61","50","66.66666666666667","55900","0.67","0.6","0.48","0.27","0.24","0.23","61.06","36.45","23.86","N"
"good cat names","112","50","33","44.44444444444444","11400","0.47","0.5","0.51","0.07","0.05","0.07","52.57","24.85","16.90","N"
"distemper in cats","75","26","18","35.18518518518518","10400","0.55","0.41","0.55","0.01","0.01","0.02","41.01","10.76","9.87","N"
"cat physics","167","112","26","66.94214876033057","9730","0.24","0.19","0","0.00","0.01","0.00","40.10","21.25","0.00","N"
"cat screensavers","61","10","3","16.363636363636363","5000","0.65","0.73","1.23","0.13","0.03","0.01","39.49","7.26","3.57","N"
"giardia in cats","61","22","18","36.36363636363636","45500","0.64","0.49","0.28","0.01","0.01","0.01","38.88","10.83","5.03","N"
"fip in cats","91","40","33","43.93939393939394","46800","0.14","0.23","0.39","0.00","0.02","0.02","12.76","9.21","12.92","N"
"4 cats","1022","204","50","20","159000","0","0.35","0","0.00","0.00","0.00","0.00","71.53","0.00","N"
"cat 2011 result","250","61","50","24.309392265193374","3470","0","0","0","0.00","0.00","0.00","0.00","0.00","0.00","N"
"cat 2011 results","250","112","75","44.75138121546961","3770","0","0","0","0.00","0.00","0.00","0.00","0.00","0.00","N"
"cat cannon","167","40","26","23.96694214876033","8650","0","0","0","0.00","0.00","0.00","0.00","0.00","0.00","N"
"cat s","13808","6214","50","45.00000000000001","72600000","0","0","0","0.00","0.00","0.00","0.00","0.00","0.00","N"
"cat s eye","1250","835","112","66.85082872928177","756000","0","0","0","0.00","0.00","0.00","0.00","0.00","0.00","N"
"cat.com","684","374","167","54.747474747474755","993000","0","0","2.76","0.00","0.00","0.06","0.00","0.00","461.14","N"
"fisher cats","684","250","40","36.56565656565657","84500","0","0","0","0.00","0.00","0.00","0.00","0.00","0.00","N"
"monorail cat","91","91","75","100","5930","0","0","0","0.00","0.00","0.00","0.00","0.00","0.00","N"
"omg cat","204","167","112","81.75675675675676","139000","0","0","0","0.00","0.00","0.00","0.00","0.00","0.00","N"
"sand cat","457","204","137","44.71299093655589","428000","0","0","0.5","0.00","0.00","0.01","0.00","0.00","68.35","N"
"a cat","1147463","11364","40","0.990373044524669","?","?","?","?","?","?","?","NaN","NaN","NaN","N"
"about cats","419770","835","26","0.19901315789473684","?","?","?","?","?","?","?","NaN","NaN","NaN","N"
"adopt cat","835","40","8","4.793388429752066","?","?","?","?","?","?","?","NaN","NaN","NaN","N"
"adopting a cat","457","33","14","7.2507552870090635","?","?","?","?","?","?","?","NaN","NaN","NaN","N"
"advantix for cats","33","14","10","41.66666666666667","?","?","?","?","?","?","?","NaN","NaN","NaN","N"
"all about cats","1022","75","50","7.297297297297298","?","?","?","?","?","?","?","NaN","NaN","NaN","N"
"all cat games","12","3","2","23.863636363636367","?","?","?","?","?","?","?","NaN","NaN","NaN","N"
"allergies to cats","559","26","8","4.691358024691358","?","?","?","?","?","?","?","NaN","NaN","NaN","N"
"applaws cat food","22","18","10","81.25000000000001","?","?","?","?","?","?","?","NaN","NaN","NaN","N"
"arctic cat atvs","307","12","5","3.963963963963964","?","?","?","?","?","?","?","NaN","NaN","NaN","N"
"arctic cat utv","26","14","8","52.631578947368425","?","?","?","?","?","?","?","NaN","NaN","NaN","N"
"arctic cat.com","18","14","14","76.92307692307693","?","?","?","?","?","?","?","NaN","NaN","NaN","N"
"artic cat","6214","835","167","13.444444444444445","?","?","?","?","?","?","?","NaN","NaN","NaN","N"
"artic cat atv","457","33","12","7.2507552870090635","?","?","?","?","?","?","?","NaN","NaN","NaN","N"
"avoderm cat food","18","14","8","76.92307692307693","?","?","?","?","?","?","?","NaN","NaN","NaN","N"
"baby cats","835","112","50","13.388429752066115","?","?","?","?","?","?","?","NaN","NaN","NaN","N"
"best cat insurance","18","8","4","45.38461538461538","?","?","?","?","?","?","?","NaN","NaN","NaN","N"
"black cats","9293","835","204","8.98959881129272","?","?","?","?","?","?","?","NaN","NaN","NaN","N"
"boots cat","1519","40","5","2.6363636363636362","?","?","?","?","?","?","?","NaN","NaN","NaN","N"
"breed of cats","2775","33","14","1.1940298507462686","?","?","?","?","?","?","?","NaN","NaN","NaN","N"
"breeds of cat","3397","22","12","0.6504065040650406","?","?","?","?","?","?","?","NaN","NaN","NaN","N"
"breeds of cats","2775","167","112","6.019900497512438","?","?","?","?","?","?","?","NaN","NaN","NaN","N"
"british blue cats","167","22","10","13.223140495867767","?","?","?","?","?","?","?","NaN","NaN","NaN","N"
"buy a cat","2278","75","12","3.2727272727272725","?","?","?","?","?","?","?","NaN","NaN","NaN","N"
"buy cat","2278","167","8","7.333333333333333","?","?","?","?","?","?","?","NaN","NaN","NaN","N"
"buy cats","835","40","8","4.793388429752066","?","?","?","?","?","?","?","NaN","NaN","NaN","N"
"buy cats online","26","4","3","16.842105263157894","?","?","?","?","?","?","?","NaN","NaN","NaN","N"
"cartoon cats","1250","137","75","10.939226519337018","?","?","?","?","?","?","?","NaN","NaN","NaN","N"
"cat 2010","1022","112","5","10.945945945945946","?","?","?","?","?","?","?","NaN","NaN","NaN","N"
"cat 2010 paper","40","7","4","16.551724137931032","?","?","?","?","?","?","?","NaN","NaN","NaN","N"
"cat 2010 question paper","22","14","8","62.50000000000001","?","?","?","?","?","?","?","NaN","NaN","NaN","N"
"cat 2010 questions","4","2","1","43.75","?","?","?","?","?","?","?","NaN","NaN","NaN","N"
"cat 2010 result","14","2","1","10.999999999999998","?","?","?","?","?","?","?","NaN","NaN","NaN","N"
"cat 2010 results","14","5","4","38.99999999999999","?","?","?","?","?","?","?","NaN","NaN","NaN","N"
"cat 2011 exam date","33","22","22","66.66666666666666","?","?","?","?","?","?","?","NaN","NaN","NaN","N"
"cat 2011 syllabus","26","12","10","46.315789473684205","?","?","?","?","?","?","?","NaN","NaN","NaN","N"
"cat activity centre","33","26","14","79.16666666666666","?","?","?","?","?","?","?","NaN","NaN","NaN","N"
"cat adoption","6214","559","61","9","?","?","?","?","?","?","?","NaN","NaN","NaN","N"
"cat adoption team","50","40","33","80.55555555555556","?","?","?","?","?","?","?","NaN","NaN","NaN","N"
"cat adoptions","1864","61","8","3.2592592592592595","?","?","?","?","?","?","?","NaN","NaN","NaN","N"
"cat ailments","18","12","7","67.69230769230768","?","?","?","?","?","?","?","NaN","NaN","NaN","N"
"cat allergies symptoms","91","12","10","13.333333333333332","?","?","?","?","?","?","?","NaN","NaN","NaN","N"
"cat and","1147463","4156","4","0.36221419975932606","?","?","?","?","?","?","?","NaN","NaN","NaN","N"
"cat apparel","167","22","8","13.223140495867767","?","?","?","?","?","?","?","NaN","NaN","NaN","N"
"cat art","3397","112","33","3.292682926829268","?","?","?","?","?","?","?","NaN","NaN","NaN","N"
"cat attract litter","22","18","8","81.25000000000001","?","?","?","?","?","?","?","NaN","NaN","NaN","N"
"cat bags","374","26","12","7.011070110701106","?","?","?","?","?","?","?","NaN","NaN","NaN","N"
"cat bedding","112","12","4","10.864197530864196","?","?","?","?","?","?","?","NaN","NaN","NaN","N"
"cat blankets","61","8","4","13.409090909090908","?","?","?","?","?","?","?","NaN","NaN","NaN","N"
"cat books","1250","112","22","8.950276243093922","?","?","?","?","?","?","?","NaN","NaN","NaN","N"
"cat boot","1519","26","10","1.7272727272727273","?","?","?","?","?","?","?","NaN","NaN","NaN","N"
"cat boots ladies","22","2","1","6.874999999999999","?","?","?","?","?","?","?","NaN","NaN","NaN","N"
"cat boots sale","14","2","2","17","?","?","?","?","?","?","?","NaN","NaN","NaN","N"
"cat boots women","40","2","2","5.862068965517241","?","?","?","?","?","?","?","NaN","NaN","NaN","N"
"cat breads","75","10","7","13.333333333333332","?","?","?","?","?","?","?","NaN","NaN","NaN","N"
"cat breeders","5081","684","26","13.45108695652174","?","?","?","?","?","?","?","NaN","NaN","NaN","N"
"cat calendars","91","12","3","13.333333333333332","?","?","?","?","?","?","?","NaN","NaN","NaN","N"
"cat camera","2278","40","18","1.7575757575757573","?","?","?","?","?","?","?","NaN","NaN","NaN","N"
"cat cartoon","2775","374","112","13.482587064676617","?","?","?","?","?","?","?","NaN","NaN","NaN","N"
"cat charities","33","10","4","30","?","?","?","?","?","?","?","NaN","NaN","NaN","N"
"cat checks","26","7","3","25.263157894736842","?","?","?","?","?","?","?","NaN","NaN","NaN","N"
"cat christmas cards","33","22","12","66.66666666666666","?","?","?","?","?","?","?","NaN","NaN","NaN","N"
"cat christmas ornaments","18","7","4","36.92307692307692","?","?","?","?","?","?","?","NaN","NaN","NaN","N"
"cat claw caps","75","7","5","8.888888888888888","?","?","?","?","?","?","?","NaN","NaN","NaN","N"
"cat climber","50","26","10","52.77777777777777","?","?","?","?","?","?","?","NaN","NaN","NaN","N"
"cat climbers","40","14","8","34.48275862068966","?","?","?","?","?","?","?","NaN","NaN","NaN","N"
"cat clothes","835","112","75","13.388429752066115","?","?","?","?","?","?","?","NaN","NaN","NaN","N"
"cat clothing","835","91","26","10.90909090909091","?","?","?","?","?","?","?","NaN","NaN","NaN","N"
"cat coats","137","10","4","7.2727272727272725","?","?","?","?","?","?","?","NaN","NaN","NaN","N"
"cat collar camera","18","5","5","30","?","?","?","?","?","?","?","NaN","NaN","NaN","N"
"cat collectibles","26","5","2","20.52631578947368","?","?","?","?","?","?","?","NaN","NaN","NaN","N"
"cat connection","307","33","8","10.810810810810812","?","?","?","?","?","?","?","NaN","NaN","NaN","N"
"cat corner","204","26","8","12.837837837837839","?","?","?","?","?","?","?","NaN","NaN","NaN","N"
"cat costumes","2278","307","112","13.454545454545453","?","?","?","?","?","?","?","NaN","NaN","NaN","N"
"cat crate","167","14","5","8.264462809917356","?","?","?","?","?","?","?","NaN","NaN","NaN","N"
"cat declawing cost","75","8","7","10.925925925925924","?","?","?","?","?","?","?","NaN","NaN","NaN","N"
"cat diabetes symptoms","40","14","14","34.48275862068966","?","?","?","?","?","?","?","NaN","NaN","NaN","N"
"cat diapers","50","18","14","36.111111111111114","?","?","?","?","?","?","?","NaN","NaN","NaN","N"
"cat diet","684","75","18","10.90909090909091","?","?","?","?","?","?","?","NaN","NaN","NaN","N"
"cat doors","684","91","33","13.333333333333336","?","?","?","?","?","?","?","NaN","NaN","NaN","N"
"cat drinking fountain","50","26","14","52.77777777777777","?","?","?","?","?","?","?","NaN","NaN","NaN","N"
"cat earrings","50","26","10","52.77777777777777","?","?","?","?","?","?","?","NaN","NaN","NaN","N"
"cat ears headband","50","26","14","52.77777777777777","?","?","?","?","?","?","?","NaN","NaN","NaN","N"
"cat engine parts","40","10","4","24.82758620689655","?","?","?","?","?","?","?","NaN","NaN","NaN","N"
"cat engines","835","50","18","5.950413223140496","?","?","?","?","?","?","?","NaN","NaN","NaN","N"
"cat entrance exam","50","26","5","52.77777777777777","?","?","?","?","?","?","?","NaN","NaN","NaN","N"
"cat equipment","684","61","26","8.888888888888891","?","?","?","?","?","?","?","NaN","NaN","NaN","N"
"cat exam 2010","7","1","0","12.083333333333332","?","?","?","?","?","?","?","NaN","NaN","NaN","N"
"cat exam pattern","22","12","8","54.99999999999999","?","?","?","?","?","?","?","NaN","NaN","NaN","N"
"cat exam questions","22","5","2","24.375","?","?","?","?","?","?","?","NaN","NaN","NaN","N"
"cat exam syllabus","33","18","12","54.16666666666667","?","?","?","?","?","?","?","NaN","NaN","NaN","N"
"cat examination","684","18","4","2.6262626262626267","?","?","?","?","?","?","?","NaN","NaN","NaN","N"
"cat exams","684","33","10","4.848484848484849","?","?","?","?","?","?","?","NaN","NaN","NaN","N"
"cat excavators","457","18","8","3.92749244712991","?","?","?","?","?","?","?","NaN","NaN","NaN","N"
"cat exercise wheel","50","40","22","80.55555555555556","?","?","?","?","?","?","?","NaN","NaN","NaN","N"
"cat food analysis","14","12","8","87.99999999999999","?","?","?","?","?","?","?","NaN","NaN","NaN","N"
"cat food dispenser","40","26","8","65.51724137931033","?","?","?","?","?","?","?","NaN","NaN","NaN","N"
"cat food ratings","204","26","14","12.837837837837839","?","?","?","?","?","?","?","NaN","NaN","NaN","N"
"cat food samples","33","22","5","66.66666666666666","?","?","?","?","?","?","?","NaN","NaN","NaN","N"
"cat footwear","1519","137","61","9","?","?","?","?","?","?","?","NaN","NaN","NaN","N"
"cat for sale","11364","835","33","7.351154313487242","?","?","?","?","?","?","?","NaN","NaN","NaN","N"
"cat friendly hotels","33","14","7","41.66666666666667","?","?","?","?","?","?","?","NaN","NaN","NaN","N"
"cat gams","26","14","10","52.631578947368425","?","?","?","?","?","?","?","NaN","NaN","NaN","N"
"cat gate","1022","18","8","1.756756756756757","?","?","?","?","?","?","?","NaN","NaN","NaN","N"
"cat generators","374","26","14","7.011070110701106","?","?","?","?","?","?","?","NaN","NaN","NaN","N"
"cat genie reviews","26","18","18","68.42105263157896","?","?","?","?","?","?","?","NaN","NaN","NaN","N"
"cat girl","6214","559","75","9","?","?","?","?","?","?","?","NaN","NaN","NaN","N"
"cat grass seeds","14","10","7","72","?","?","?","?","?","?","?","NaN","NaN","NaN","N"
"cat groomers","835","91","12","10.90909090909091","?","?","?","?","?","?","?","NaN","NaN","NaN","N"
"cat grooming tools","14","10","7","72","?","?","?","?","?","?","?","NaN","NaN","NaN","N"
"cat harnesses","167","12","7","7.272727272727272","?","?","?","?","?","?","?","NaN","NaN","NaN","N"
"cat hats","559","33","14","5.9259259259259265","?","?","?","?","?","?","?","NaN","NaN","NaN","N"
"cat health insurance","33","12","10","36.66666666666666","?","?","?","?","?","?","?","NaN","NaN","NaN","N"
"cat health questions","40","7","5","16.551724137931032","?","?","?","?","?","?","?","NaN","NaN","NaN","N"
"cat health symptoms","26","8","7","31.052631578947366","?","?","?","?","?","?","?","NaN","NaN","NaN","N"
"cat history","457","33","8","7.2507552870090635","?","?","?","?","?","?","?","NaN","NaN","NaN","N"
"cat homes","1519","33","10","2.181818181818182","?","?","?","?","?","?","?","NaN","NaN","NaN","N"
"cat house","6214","835","167","13.444444444444445","?","?","?","?","?","?","?","NaN","NaN","NaN","N"
"cat id tag","50","7","4","13.333333333333332","?","?","?","?","?","?","?","NaN","NaN","NaN","N"
"cat id tags","40","22","14","55.172413793103445","?","?","?","?","?","?","?","NaN","NaN","NaN","N"
"cat iim results","18","2","2","13.076923076923078","?","?","?","?","?","?","?","NaN","NaN","NaN","N"
"cat illness","307","40","10","13.063063063063064","?","?","?","?","?","?","?","NaN","NaN","NaN","N"
"cat illness symptoms","40","14","10","34.48275862068966","?","?","?","?","?","?","?","NaN","NaN","NaN","N"
"cat images","6214","307","137","4.933333333333334","?","?","?","?","?","?","?","NaN","NaN","NaN","N"
"cat in","1147463","9293","5","0.8098676293622142","?","?","?","?","?","?","?","NaN","NaN","NaN","N"
"cat info","1022","50","14","4.864864864864865","?","?","?","?","?","?","?","NaN","NaN","NaN","N"
"cat information","684","75","22","10.90909090909091","?","?","?","?","?","?","?","NaN","NaN","NaN","N"
"cat insurance comparison","18","7","5","36.92307692307692","?","?","?","?","?","?","?","NaN","NaN","NaN","N"
"cat it","1147463","167","26","0.014560770156438026","?","?","?","?","?","?","?","NaN","NaN","NaN","N"
"cat jungle gym","18","12","7","67.69230769230768","?","?","?","?","?","?","?","NaN","NaN","NaN","N"
"cat laser toy","40","10","7","24.82758620689655","?","?","?","?","?","?","?","NaN","NaN","NaN","N"
"cat laxative","33","14","10","41.66666666666667","?","?","?","?","?","?","?","NaN","NaN","NaN","N"
"cat litter brands","14","12","5","87.99999999999999","?","?","?","?","?","?","?","NaN","NaN","NaN","N"
"cat lover gifts","50","10","10","20","?","?","?","?","?","?","?","NaN","NaN","NaN","N"
"cat lovers gifts","50","8","8","16.388888888888886","?","?","?","?","?","?","?","NaN","NaN","NaN","N"
"cat luggage","91","7","2","7.2727272727272725","?","?","?","?","?","?","?","NaN","NaN","NaN","N"
"cat memorials","8","4","3","54.23728813559322","?","?","?","?","?","?","?","NaN","NaN","NaN","N"
"cat mock test online","22","5","4","24.375","?","?","?","?","?","?","?","NaN","NaN","NaN","N"
"cat nail clippers","40","14","10","34.48275862068966","?","?","?","?","?","?","?","NaN","NaN","NaN","N"
"cat name","5081","307","18","6.032608695652174","?","?","?","?","?","?","?","NaN","NaN","NaN","N"
"cat neutering cost","137","12","8","8.888888888888888","?","?","?","?","?","?","?","NaN","NaN","NaN","N"
"cat online","6214","457","33","7.355555555555556","?","?","?","?","?","?","?","NaN","NaN","NaN","N"
"cat online test","91","12","7","13.333333333333332","?","?","?","?","?","?","?","NaN","NaN","NaN","N"
"cat outfits","684","26","14","3.8383838383838387","?","?","?","?","?","?","?","NaN","NaN","NaN","N"
"cat papers","835","75","22","8.925619834710744","?","?","?","?","?","?","?","NaN","NaN","NaN","N"
"cat papers with solution","61","8","4","13.409090909090908","?","?","?","?","?","?","?","NaN","NaN","NaN","N"
"cat parasites","374","18","10","4.797047970479705","?","?","?","?","?","?","?","NaN","NaN","NaN","N"
"cat party supplies","167","5","3","3.2231404958677685","?","?","?","?","?","?","?","NaN","NaN","NaN","N"
"cat pen","167","18","5","10.743801652892563","?","?","?","?","?","?","?","NaN","NaN","NaN","N"
"cat photo","6214","167","33","2.688888888888889","?","?","?","?","?","?","?","NaN","NaN","NaN","N"
"cat photo contest","18","12","5","67.69230769230768","?","?","?","?","?","?","?","NaN","NaN","NaN","N"
"cat photos","7595","307","91","4.036363636363636","?","?","?","?","?","?","?","NaN","NaN","NaN","N"
"cat photos free","50","3","1","5.833333333333334","?","?","?","?","?","?","?","NaN","NaN","NaN","N"
"cat pics","3397","374","91","11.016260162601625","?","?","?","?","?","?","?","NaN","NaN","NaN","N"
"cat picture","6214","307","61","4.933333333333334","?","?","?","?","?","?","?","NaN","NaN","NaN","N"
"cat picture frames","14","5","4","38.99999999999999","?","?","?","?","?","?","?","NaN","NaN","NaN","N"
"cat pictures free","61","5","3","8.863636363636363","?","?","?","?","?","?","?","NaN","NaN","NaN","N"
"cat pictures gallery","250","2","2","0.9392265193370166","?","?","?","?","?","?","?","NaN","NaN","NaN","N"
"cat pitchers","33","7","4","20","?","?","?","?","?","?","?","NaN","NaN","NaN","N"
"cat playpen","26","18","8","68.42105263157896","?","?","?","?","?","?","?","NaN","NaN","NaN","N"
"cat posters","250","26","8","10.497237569060772","?","?","?","?","?","?","?","NaN","NaN","NaN","N"
"cat posts","457","18","8","3.92749244712991","?","?","?","?","?","?","?","NaN","NaN","NaN","N"
"cat preparation material","33","22","10","66.66666666666666","?","?","?","?","?","?","?","NaN","NaN","NaN","N"
"cat presents","75","8","4","10.925925925925924","?","?","?","?","?","?","?","NaN","NaN","NaN","N"
"cat problems","1250","75","18","5.9668508287292825","?","?","?","?","?","?","?","NaN","NaN","NaN","N"
"cat products","559","75","22","13.333333333333336","?","?","?","?","?","?","?","NaN","NaN","NaN","N"
"cat puzzles","40","10","5","24.82758620689655","?","?","?","?","?","?","?","NaN","NaN","NaN","N"
"cat radiator bed","26","14","12","52.631578947368425","?","?","?","?","?","?","?","NaN","NaN","NaN","N"
"cat rehoming","559","61","12","10.8641975308642","?","?","?","?","?","?","?","NaN","NaN","NaN","N"
"cat repellent spray","40","22","14","55.172413793103445","?","?","?","?","?","?","?","NaN","NaN","NaN","N"
"cat result 2010","14","1","1","7.299999999999999","?","?","?","?","?","?","?","NaN","NaN","NaN","N"
"cat result 2011","250","22","14","8.83977900552486","?","?","?","?","?","?","?","NaN","NaN","NaN","N"
"cat results 2010","14","2","2","13.999999999999998","?","?","?","?","?","?","?","NaN","NaN","NaN","N"
"cat results 2011","250","33","26","13.259668508287293","?","?","?","?","?","?","?","NaN","NaN","NaN","N"
"cat ring","835","91","33","10.90909090909091","?","?","?","?","?","?","?","NaN","NaN","NaN","N"
"cat rings","307","12","7","3.963963963963964","?","?","?","?","?","?","?","NaN","NaN","NaN","N"
"cat runs","835","75","22","8.925619834710744","?","?","?","?","?","?","?","NaN","NaN","NaN","N"
"cat safety boots","26","8","7","31.052631578947366","?","?","?","?","?","?","?","NaN","NaN","NaN","N"
"cat safety shoes","50","14","8","27.77777777777778","?","?","?","?","?","?","?","NaN","NaN","NaN","N"
"cat scratch post","457","40","22","8.761329305135952","?","?","?","?","?","?","?","NaN","NaN","NaN","N"
"cat scratch posts","374","14","8","3.690036900369004","?","?","?","?","?","?","?","NaN","NaN","NaN","N"
"cat scratching poles","22","7","4","30","?","?","?","?","?","?","?","NaN","NaN","NaN","N"
"cat scratching posts","374","50","26","13.284132841328413","?","?","?","?","?","?","?","NaN","NaN","NaN","N"
"cat scratching tree","22","7","3","30","?","?","?","?","?","?","?","NaN","NaN","NaN","N"
"cat shelters","1864","167","14","8.962962962962964","?","?","?","?","?","?","?","NaN","NaN","NaN","N"
"cat shirts","559","50","22","8.88888888888889","?","?","?","?","?","?","?","NaN","NaN","NaN","N"
"cat shock collar","22","10","8","45","?","?","?","?","?","?","?","NaN","NaN","NaN","N"
"cat shoes sale","12","2","2","19.31818181818182","?","?","?","?","?","?","?","NaN","NaN","NaN","N"
"cat shop","1864","112","26","5.999999999999999","?","?","?","?","?","?","?","NaN","NaN","NaN","N"
"cat shower curtain","12","7","4","54.54545454545455","?","?","?","?","?","?","?","NaN","NaN","NaN","N"
"cat sickness","50","14","5","27.77777777777778","?","?","?","?","?","?","?","NaN","NaN","NaN","N"
"cat slippers","50","26","12","52.77777777777777","?","?","?","?","?","?","?","NaN","NaN","NaN","N"
"cat spaying","559","50","10","8.88888888888889","?","?","?","?","?","?","?","NaN","NaN","NaN","N"
"cat stevens concert","12","5","2","44.31818181818182","?","?","?","?","?","?","?","NaN","NaN","NaN","N"
"cat stevens tour","18","8","4","45.38461538461538","?","?","?","?","?","?","?","NaN","NaN","NaN","N"
"cat stop","1864","91","12","4.888888888888889","?","?","?","?","?","?","?","NaN","NaN","NaN","N"
"cat store","1022","61","12","5.9459459459459465","?","?","?","?","?","?","?","NaN","NaN","NaN","N"
"cat stroller","50","26","18","52.77777777777777","?","?","?","?","?","?","?","NaN","NaN","NaN","N"
"cat strollers","40","8","5","20.344827586206893","?","?","?","?","?","?","?","NaN","NaN","NaN","N"
"cat stuff","374","40","14","10.70110701107011","?","?","?","?","?","?","?","NaN","NaN","NaN","N"
"cat stuffed animals","137","12","4","8.888888888888888","?","?","?","?","?","?","?","NaN","NaN","NaN","N"
"cat supplies online","8","4","4","54.23728813559322","?","?","?","?","?","?","?","NaN","NaN","NaN","N"
"cat syllabus 2011","26","10","4","37.89473684210526","?","?","?","?","?","?","?","NaN","NaN","NaN","N"
"cat symptom checker","33","14","12","41.66666666666667","?","?","?","?","?","?","?","NaN","NaN","NaN","N"
"cat symptoms","1250","112","22","8.950276243093922","?","?","?","?","?","?","?","NaN","NaN","NaN","N"
"cat t shirts","374","33","12","8.85608856088561","?","?","?","?","?","?","?","NaN","NaN","NaN","N"
"cat tag","307","22","5","7.207207207207207","?","?","?","?","?","?","?","NaN","NaN","NaN","N"
"cat tattoos","1022","91","40","8.91891891891892","?","?","?","?","?","?","?","NaN","NaN","NaN","N"
"cat test","2278","204","50","8.969696969696969","?","?","?","?","?","?","?","NaN","NaN","NaN","N"
"cat tests","835","40","12","4.793388429752066","?","?","?","?","?","?","?","NaN","NaN","NaN","N"
"cat themed gifts","7","4","4","66.66666666666666","?","?","?","?","?","?","?","NaN","NaN","NaN","N"
"cat toothbrush","18","10","5","55.38461538461539","?","?","?","?","?","?","?","NaN","NaN","NaN","N"
"cat toothpaste","22","12","7","54.99999999999999","?","?","?","?","?","?","?","NaN","NaN","NaN","N"
"cat tourniquet","40","26","22","65.51724137931033","?","?","?","?","?","?","?","NaN","NaN","NaN","N"
"cat trainers","112","14","3","12.34567901234568","?","?","?","?","?","?","?","NaN","NaN","NaN","N"
"cat training","1250","137","61","10.939226519337018","?","?","?","?","?","?","?","NaN","NaN","NaN","N"
"cat types","1250","75","40","5.9668508287292825","?","?","?","?","?","?","?","NaN","NaN","NaN","N"
"cat used","835","61","18","7.272727272727273","?","?","?","?","?","?","?","NaN","NaN","NaN","N"
"cat vaccines","307","26","8","8.558558558558559","?","?","?","?","?","?","?","NaN","NaN","NaN","N"
"cat video","7595","835","91","11","?","?","?","?","?","?","?","NaN","NaN","NaN","N"
"cat vitamins","40","14","7","34.48275862068966","?","?","?","?","?","?","?","NaN","NaN","NaN","N"
"cat walking jacket","18","12","8","67.69230769230768","?","?","?","?","?","?","?","NaN","NaN","NaN","N"
"cat watch","3397","50","10","1.4634146341463414","?","?","?","?","?","?","?","NaN","NaN","NaN","N"
"cat window seat","26","?","?","-","?","?","?","?","?","?","?","NaN","NaN","NaN","N"
"cat workwear","26","12","10","46.315789473684205","?","?","?","?","?","?","?","NaN","NaN","NaN","N"
"cat worms","1022","137","75","13.378378378378379","?","?","?","?","?","?","?","NaN","NaN","NaN","N"
"cat worms treatment","61","3","2","4.7727272727272725","?","?","?","?","?","?","?","NaN","NaN","NaN","N"
"caterpiller","20712","374","91","1.8066666666666666","?","?","?","?","?","?","?","NaN","NaN","NaN","N"
"catfood","6214","137","14","2.2","?","?","?","?","?","?","?","NaN","NaN","NaN","N"
"cats & dogs","9293","307","40","3.2986627043090637","?","?","?","?","?","?","?","NaN","NaN","NaN","N"
"cats adoption","2775","33","5","1.1940298507462686","?","?","?","?","?","?","?","NaN","NaN","NaN","N"
"cats and kittens","30930","204","50","0.6607142857142857","?","?","?","?","?","?","?","NaN","NaN","NaN","N"
"cats and worms","1519","5","4","0.35454545454545455","?","?","?","?","?","?","?","NaN","NaN","NaN","N"
"cats beds","204","5","4","2.635135135135135","?","?","?","?","?","?","?","NaN","NaN","NaN","N"
"cats behavior","559","33","12","5.9259259259259265","?","?","?","?","?","?","?","NaN","NaN","NaN","N"
"cats behaviour","457","22","10","4.833836858006042","?","?","?","?","?","?","?","NaN","NaN","NaN","N"
"cats breeds","2775","112","33","4.029850746268656","?","?","?","?","?","?","?","NaN","NaN","NaN","N"
"cats classified","26","12","8","46.315789473684205","?","?","?","?","?","?","?","NaN","NaN","NaN","N"
"cats collars","250","4","2","1.767955801104972","?","?","?","?","?","?","?","NaN","NaN","NaN","N"
"cats eye","5081","684","91","13.45108695652174","?","?","?","?","?","?","?","NaN","NaN","NaN","N"
"cats eyes","4156","457","91","10.996677740863788","?","?","?","?","?","?","?","NaN","NaN","NaN","N"
"cats food","1250","50","10","3.977900552486188","?","?","?","?","?","?","?","NaN","NaN","NaN","N"
"cats for adoption","2775","250","50","9.00497512437811","?","?","?","?","?","?","?","NaN","NaN","NaN","N"
"cats for free","2775","33","7","1.1940298507462686","?","?","?","?","?","?","?","NaN","NaN","NaN","N"
"cats for rehoming","457","22","4","4.833836858006042","?","?","?","?","?","?","?","NaN","NaN","NaN","N"
"cats game","6214","112","8","1.7999999999999998","?","?","?","?","?","?","?","NaN","NaN","NaN","N"
"cats games","6214","307","75","4.933333333333334","?","?","?","?","?","?","?","NaN","NaN","NaN","N"
"cats health","457","40","14","8.761329305135952","?","?","?","?","?","?","?","NaN","NaN","NaN","N"
"cats health problems","91","8","3","8.93939393939394","?","?","?","?","?","?","?","NaN","NaN","NaN","N"
"cats images","3397","91","33","2.682926829268293","?","?","?","?","?","?","?","NaN","NaN","NaN","N"
"cats information","457","33","8","7.2507552870090635","?","?","?","?","?","?","?","NaN","NaN","NaN","N"
"cats like felix","12","4","3","29.545454545454547","?","?","?","?","?","?","?","NaN","NaN","NaN","N"
"cats name","4156","167","10","4.0199335548172765","?","?","?","?","?","?","?","NaN","NaN","NaN","N"
"cats names","3397","204","61","6.016260162601625","?","?","?","?","?","?","?","NaN","NaN","NaN","N"
"cats names female","374","7","5","1.7712177121771215","?","?","?","?","?","?","?","NaN","NaN","NaN","N"
"cats names male","374","5","4","1.4391143911439113","?","?","?","?","?","?","?","NaN","NaN","NaN","N"
"cats photos","4156","91","33","2.1926910299003324","?","?","?","?","?","?","?","NaN","NaN","NaN","N"
"cats pictures","6214","374","167","6.022222222222222","?","?","?","?","?","?","?","NaN","NaN","NaN","N"
"cats rehoming","457","14","4","3.0211480362537766","?","?","?","?","?","?","?","NaN","NaN","NaN","N"
"cats throwing up","374","14","5","3.690036900369004","?","?","?","?","?","?","?","NaN","NaN","NaN","N"
"cats with diarrhea","457","14","4","3.0211480362537766","?","?","?","?","?","?","?","NaN","NaN","NaN","N"
"cats with worms","1519","14","7","0.9090909090909092","?","?","?","?","?","?","?","NaN","NaN","NaN","N"
"cats worms","1519","22","10","1.4545454545454544","?","?","?","?","?","?","?","NaN","NaN","NaN","N"
"cheap cat beds","12","7","5","54.54545454545455","?","?","?","?","?","?","?","NaN","NaN","NaN","N"
"cheap cat boots","12","3","2","23.863636363636367","?","?","?","?","?","?","?","NaN","NaN","NaN","N"
"cheap cat collars","4","2","2","53.12500000000001","?","?","?","?","?","?","?","NaN","NaN","NaN","N"
"cheap cat insurance","18","10","7","55.38461538461539","?","?","?","?","?","?","?","NaN","NaN","NaN","N"
"clothes for cats","307","33","22","10.810810810810812","?","?","?","?","?","?","?","NaN","NaN","NaN","N"
"clothing for cats","374","8","4","2.177121771217712","?","?","?","?","?","?","?","NaN","NaN","NaN","N"
"collars for cats","250","33","2","13.259668508287293","?","?","?","?","?","?","?","NaN","NaN","NaN","N"
"cool cats","2775","374","137","13.482587064676617","?","?","?","?","?","?","?","NaN","NaN","NaN","N"
"costumes for cats","559","75","26","13.333333333333336","?","?","?","?","?","?","?","NaN","NaN","NaN","N"
"country cat","3397","137","50","4.024390243902439","?","?","?","?","?","?","?","NaN","NaN","NaN","N"
"cravendale cats","18","14","4","76.92307692307693","?","?","?","?","?","?","?","NaN","NaN","NaN","N"
"cute cat collars","4","4","3","81.25000000000001","?","?","?","?","?","?","?","NaN","NaN","NaN","N"
"designer cat collars","18","10","8","55.38461538461539","?","?","?","?","?","?","?","NaN","NaN","NaN","N"
"deworming cats","137","14","10","10.101010101010102","?","?","?","?","?","?","?","NaN","NaN","NaN","N"
"diarrhea in cats","457","61","26","13.293051359516618","?","?","?","?","?","?","?","NaN","NaN","NaN","N"
"different kinds of cats","50","12","8","24.44444444444444","?","?","?","?","?","?","?","NaN","NaN","NaN","N"
"discount cat food","14","7","5","47.99999999999999","?","?","?","?","?","?","?","NaN","NaN","NaN","N"
"dog and cat","20712","1022","91","4.933333333333334","?","?","?","?","?","?","?","NaN","NaN","NaN","N"
"dog cat games","1022","8","7","0.7972972972972973","?","?","?","?","?","?","?","NaN","NaN","NaN","N"
"dogs and cats","9293","1022","112","10.99554234769688","?","?","?","?","?","?","?","NaN","NaN","NaN","N"
"dress up cats","112","14","10","12.34567901234568","?","?","?","?","?","?","?","NaN","NaN","NaN","N"
"feeding cats","559","50","10","8.88888888888889","?","?","?","?","?","?","?","NaN","NaN","NaN","N"
"felidae cat food","22","18","12","81.25000000000001","?","?","?","?","?","?","?","NaN","NaN","NaN","N"
"flushable cat litter","40","33","22","82.75862068965517","?","?","?","?","?","?","?","NaN","NaN","NaN","N"
"found cat","835","91","12","10.90909090909091","?","?","?","?","?","?","?","NaN","NaN","NaN","N"
"free cat","6214","559","33","9","?","?","?","?","?","?","?","NaN","NaN","NaN","N"
"free cat games","250","18","12","7.182320441988951","?","?","?","?","?","?","?","NaN","NaN","NaN","N"
"free cat litter","50","26","4","52.77777777777777","?","?","?","?","?","?","?","NaN","NaN","NaN","N"
"free cats","2775","167","33","6.019900497512438","?","?","?","?","?","?","?","NaN","NaN","NaN","N"
"free cats kittens","457","1","1","0.2749244712990937","?","?","?","?","?","?","?","NaN","NaN","NaN","N"
"fun cat games","22","5","4","24.375","?","?","?","?","?","?","?","NaN","NaN","NaN","N"
"funny cat games","22","7","4","30","?","?","?","?","?","?","?","NaN","NaN","NaN","N"
"funny cat photos","1250","61","50","4.861878453038675","?","?","?","?","?","?","?","NaN","NaN","NaN","N"
"funny cats pictures","559","33","33","5.9259259259259265","?","?","?","?","?","?","?","NaN","NaN","NaN","N"
"funny cats video","835","50","40","5.950413223140496","?","?","?","?","?","?","?","NaN","NaN","NaN","N"
"funny cats videos","835","61","50","7.272727272727273","?","?","?","?","?","?","?","NaN","NaN","NaN","N"
"fur real cat","75","10","7","13.333333333333332","?","?","?","?","?","?","?","NaN","NaN","NaN","N"
"games cat","9293","137","40","1.4710252600297178","?","?","?","?","?","?","?","NaN","NaN","NaN","N"
"gifts for cats","112","8","4","7.28395061728395","?","?","?","?","?","?","?","NaN","NaN","NaN","N"
"go cat","1864","112","14","5.999999999999999","?","?","?","?","?","?","?","NaN","NaN","NaN","N"
"great cat names","26","10","8","37.89473684210526","?","?","?","?","?","?","?","NaN","NaN","NaN","N"
"halloween cat costume","250","14","8","5.524861878453039","?","?","?","?","?","?","?","NaN","NaN","NaN","N"
"halloween cat costumes","250","18","12","7.182320441988951","?","?","?","?","?","?","?","NaN","NaN","NaN","N"
"holistic cat food","40","22","10","55.172413793103445","?","?","?","?","?","?","?","NaN","NaN","NaN","N"
"house cats","2775","204","26","7.363184079601989","?","?","?","?","?","?","?","NaN","NaN","NaN","N"
"hypoallergenic cat food","50","33","12","66.66666666666667","?","?","?","?","?","?","?","NaN","NaN","NaN","N"
"i cat","1147463","137","26","0.011913357400722021","?","?","?","?","?","?","?","NaN","NaN","NaN","N"
"iim cat","835","75","33","8.925619834710744","?","?","?","?","?","?","?","NaN","NaN","NaN","N"
"images of cats","3397","91","61","2.682926829268293","?","?","?","?","?","?","?","NaN","NaN","NaN","N"
"info about cats","374","5","4","1.4391143911439113","?","?","?","?","?","?","?","NaN","NaN","NaN","N"
"info on cats","374","7","4","1.7712177121771215","?","?","?","?","?","?","?","NaN","NaN","NaN","N"
"information about cats","457","33","26","7.2507552870090635","?","?","?","?","?","?","?","NaN","NaN","NaN","N"
"information on cats","457","12","8","2.658610271903323","?","?","?","?","?","?","?","NaN","NaN","NaN","N"
"kitty cat games","2775","10","8","0.3582089552238806","?","?","?","?","?","?","?","NaN","NaN","NaN","N"
"knight cat","559","75","61","13.333333333333336","?","?","?","?","?","?","?","NaN","NaN","NaN","N"
"ladies cat boots","22","3","2","13.125000000000002","?","?","?","?","?","?","?","NaN","NaN","NaN","N"
"laxatone for cats","12","10","8","81.81818181818183","?","?","?","?","?","?","?","NaN","NaN","NaN","N"
"leather cat collars","18","8","5","45.38461538461538","?","?","?","?","?","?","?","NaN","NaN","NaN","N"
"long cat","2775","167","91","6.019900497512438","?","?","?","?","?","?","?","NaN","NaN","NaN","N"
"luxury cat beds","12","7","7","54.54545454545455","?","?","?","?","?","?","?","NaN","NaN","NaN","N"
"m cat","2278","112","50","4.909090909090908","?","?","?","?","?","?","?","NaN","NaN","NaN","N"
"mens cat boots","40","4","2","8.96551724137931","?","?","?","?","?","?","?","NaN","NaN","NaN","N"
"merrick cat food","40","22","12","55.172413793103445","?","?","?","?","?","?","?","NaN","NaN","NaN","N"
"missing cats","559","61","12","10.8641975308642","?","?","?","?","?","?","?","NaN","NaN","NaN","N"
"names for cats","3397","204","61","6.016260162601625","?","?","?","?","?","?","?","NaN","NaN","NaN","N"
"natural cat litter","26","14","5","52.631578947368425","?","?","?","?","?","?","?","NaN","NaN","NaN","N"
"neutering cats","559","50","22","8.88888888888889","?","?","?","?","?","?","?","NaN","NaN","NaN","N"
"online cat games","374","14","7","3.690036900369004","?","?","?","?","?","?","?","NaN","NaN","NaN","N"
"online cat preparation","33","12","7","36.66666666666666","?","?","?","?","?","?","?","NaN","NaN","NaN","N"
"online cat test","91","7","3","7.2727272727272725","?","?","?","?","?","?","?","NaN","NaN","NaN","N"
"orijen cat food","50","40","26","80.55555555555556","?","?","?","?","?","?","?","NaN","NaN","NaN","N"
"outdoor cat shelter","40","26","18","65.51724137931033","?","?","?","?","?","?","?","NaN","NaN","NaN","N"
"outdoor cat shelters","40","4","3","11.034482758620689","?","?","?","?","?","?","?","NaN","NaN","NaN","N"
"panacur for cats","22","8","7","36.875","?","?","?","?","?","?","?","NaN","NaN","NaN","N"
"parasites in cats","457","18","7","3.92749244712991","?","?","?","?","?","?","?","NaN","NaN","NaN","N"
"party cat","835","112","91","13.388429752066115","?","?","?","?","?","?","?","NaN","NaN","NaN","N"
"persian cat rescue","50","40","14","80.55555555555556","?","?","?","?","?","?","?","NaN","NaN","NaN","N"
"personalized cat collars","40","7","7","16.551724137931032","?","?","?","?","?","?","?","NaN","NaN","NaN","N"
"photos of cats","4156","50","22","1.196013289036545","?","?","?","?","?","?","?","NaN","NaN","NaN","N"
"pichers of cats","7","1","1","18.958333333333336","?","?","?","?","?","?","?","NaN","NaN","NaN","N"
"pics of cats","2775","137","75","4.925373134328358","?","?","?","?","?","?","?","NaN","NaN","NaN","N"
"picture of cats","3397","40","22","1.178861788617886","?","?","?","?","?","?","?","NaN","NaN","NaN","N"
"pictures cats","6214","26","7","0.4222222222222222","?","?","?","?","?","?","?","NaN","NaN","NaN","N"
"pictures of cats","6214","457","250","7.355555555555556","?","?","?","?","?","?","?","NaN","NaN","NaN","N"
"pitchers of cats","33","12","10","36.66666666666666","?","?","?","?","?","?","?","NaN","NaN","NaN","N"
"play cat games","112","7","4","5.925925925925926","?","?","?","?","?","?","?","NaN","NaN","NaN","N"
"preparation for cat","374","22","7","5.904059040590405","?","?","?","?","?","?","?","NaN","NaN","NaN","N"
"probiotics for cats","26","14","8","52.631578947368425","?","?","?","?","?","?","?","NaN","NaN","NaN","N"
"profender for cats","33","22","18","66.66666666666666","?","?","?","?","?","?","?","NaN","NaN","NaN","N"
"program for cats","374","12","10","3.247232472324723","?","?","?","?","?","?","?","NaN","NaN","NaN","N"
"rag doll cat","1022","50","40","4.864864864864865","?","?","?","?","?","?","?","NaN","NaN","NaN","N"
"rag doll cats","835","33","22","3.9669421487603307","?","?","?","?","?","?","?","NaN","NaN","NaN","N"
"ragdoll cat breeders","374","40","12","10.70110701107011","?","?","?","?","?","?","?","NaN","NaN","NaN","N"
"ragdoll cat rescue","33","22","12","66.66666666666666","?","?","?","?","?","?","?","NaN","NaN","NaN","N"
"ragdoll cats rescue","40","3","2","7.241379310344827","?","?","?","?","?","?","?","NaN","NaN","NaN","N"
"rehome a cat","204","8","3","3.9864864864864864","?","?","?","?","?","?","?","NaN","NaN","NaN","N"
"rehoming cats","457","26","12","5.740181268882175","?","?","?","?","?","?","?","NaN","NaN","NaN","N"
"rescue cats","2278","91","18","4","?","?","?","?","?","?","?","NaN","NaN","NaN","N"
"river cats tickets","22","14","12","62.50000000000001","?","?","?","?","?","?","?","NaN","NaN","NaN","N"
"roundworms in cats","457","50","33","10.876132930513595","?","?","?","?","?","?","?","NaN","NaN","NaN","N"
"safe cat collars","18","4","3","20","?","?","?","?","?","?","?","NaN","NaN","NaN","N"
"savannah cats","2278","307","112","13.454545454545453","?","?","?","?","?","?","?","NaN","NaN","NaN","N"
"sexy cat costumes","112","14","12","12.34567901234568","?","?","?","?","?","?","?","NaN","NaN","NaN","N"
"siamese cat names","50","33","18","66.66666666666667","?","?","?","?","?","?","?","NaN","NaN","NaN","N"
"siamese cat rescue","50","40","18","80.55555555555556","?","?","?","?","?","?","?","NaN","NaN","NaN","N"
"siberian cat rescue","18","14","8","76.92307692307693","?","?","?","?","?","?","?","NaN","NaN","NaN","N"
"simon cat","3397","167","137","4.91869918699187","?","?","?","?","?","?","?","NaN","NaN","NaN","N"
"spaying a cat","559","40","14","7.1604938271604945","?","?","?","?","?","?","?","NaN","NaN","NaN","N"
"spaying cats","307","14","7","4.504504504504506","?","?","?","?","?","?","?","NaN","NaN","NaN","N"
"species of cats","559","14","7","2.469135802469136","?","?","?","?","?","?","?","NaN","NaN","NaN","N"
"sphynx cat breeders","167","14","5","8.264462809917356","?","?","?","?","?","?","?","NaN","NaN","NaN","N"
"sphynx cat rescue","22","22","12","100","?","?","?","?","?","?","?","NaN","NaN","NaN","N"
"sphynx cats","1022","137","33","13.378378378378379","?","?","?","?","?","?","?","NaN","NaN","NaN","N"
"stuffed animals cats","112","4","2","3.2098765432098766","?","?","?","?","?","?","?","NaN","NaN","NaN","N"
"stuffed cats","204","18","5","8.783783783783784","?","?","?","?","?","?","?","NaN","NaN","NaN","N"
"sweaters for cats","91","8","5","8.93939393939394","?","?","?","?","?","?","?","NaN","NaN","NaN","N"
"syllabus for cat","374","33","14","8.85608856088561","?","?","?","?","?","?","?","NaN","NaN","NaN","N"
"syllabus of cat","374","26","18","7.011070110701106","?","?","?","?","?","?","?","NaN","NaN","NaN","N"
"talking cats","5081","112","50","2.201086956521739","?","?","?","?","?","?","?","NaN","NaN","NaN","N"
"the cat","1147463","16846","137","1.4681107099879662","?","?","?","?","?","?","?","NaN","NaN","NaN","N"
"the cats","419770","1250","91","0.29769736842105265","?","?","?","?","?","?","?","NaN","NaN","NaN","N"
"tidy cat coupon","137","14","12","10.101010101010102","?","?","?","?","?","?","?","NaN","NaN","NaN","N"
"tidy cats coupons","112","12","8","10.864197530864196","?","?","?","?","?","?","?","NaN","NaN","NaN","N"
"tiki cat","40","33","14","82.75862068965517","?","?","?","?","?","?","?","NaN","NaN","NaN","N"
"toilet train cat","250","10","8","3.977900552486188","?","?","?","?","?","?","?","NaN","NaN","NaN","N"
"toilet training cats","204","22","18","10.81081081081081","?","?","?","?","?","?","?","NaN","NaN","NaN","N"
"toy cat","1519","61","10","4.000000000000001","?","?","?","?","?","?","?","NaN","NaN","NaN","N"
"toy cats","374","22","7","5.904059040590405","?","?","?","?","?","?","?","NaN","NaN","NaN","N"
"toys for cats","457","40","10","8.761329305135952","?","?","?","?","?","?","?","NaN","NaN","NaN","N"
"training cats","684","61","12","8.888888888888891","?","?","?","?","?","?","?","NaN","NaN","NaN","N"
"uk cat","2278","91","14","4","?","?","?","?","?","?","?","NaN","NaN","NaN","N"
"used cat parts","61","5","4","8.863636363636363","?","?","?","?","?","?","?","NaN","NaN","NaN","N"
"videos for cats","2775","112","61","4.029850746268656","?","?","?","?","?","?","?","NaN","NaN","NaN","N"
"virtual cat games","40","18","12","44.827586206896555","?","?","?","?","?","?","?","NaN","NaN","NaN","N"
"vitamins for cats","26","8","4","31.052631578947366","?","?","?","?","?","?","?","NaN","NaN","NaN","N"
"warriors cats","4156","374","167","9.003322259136214","?","?","?","?","?","?","?","NaN","NaN","NaN","N"
"what is cat","1147463","250","18","0.02178098676293622","?","?","?","?","?","?","?","NaN","NaN","NaN","N"
"what is cat exam","1519","10","10","0.6545454545454545","?","?","?","?","?","?","?","NaN","NaN","NaN","N"
"whiskers cat food","26","22","14","84.21052631578947","?","?","?","?","?","?","?","NaN","NaN","NaN","N"
"wicker cat bed","18","7","4","36.92307692307692","?","?","?","?","?","?","?","NaN","NaN","NaN","N"
"wild cat","7595","835","137","11","?","?","?","?","?","?","?","NaN","NaN","NaN","N"
"womens cat boots","33","4","3","10.833333333333334","?","?","?","?","?","?","?","NaN","NaN","NaN","N"
"worming cats","112","12","8","10.864197530864196","?","?","?","?","?","?","?","NaN","NaN","NaN","N"
"worms in cats","1519","204","75","13.454545454545455","?","?","?","?","?","?","?","NaN","NaN","NaN","N"
"www.cat","16846","374","33","2.221311475409836","?","?","?","?","?","?","?","NaN","NaN","NaN","N"
"www.cats.com","22","12","12","54.99999999999999","?","?","?","?","?","?","?","NaN","NaN","NaN","N"